2024-07-17 15:01:36.364441,655.31,0.05,0.0,0.1
2024-07-17 15:01:39.383276,655.32,0.05,0.0,0.09
2024-07-17 15:01:42.392551,655.31,0.05,0.0,0.1
2024-07-17 15:01:45.398358,655.24,0.12,0.0,0.24
2024-07-17 15:01:48.405974,653.16,9.99,654.7,12.2
2024-07-17 15:01:51.408147,0.0,0.11,0.05,0.11
2024-07-17 15:01:54.412148,655.32,0.05,0.0,0.09
2024-07-17 15:01:57.416381,655.32,0.04,0.0,0.09
2024-07-17 15:02:00.420421,655.32,0.04,0.0,0.09
2024-07-17 15:02:03.425751,655.31,0.04,0.0,0.09
2024-07-17 15:02:06.430708,655.31,0.04,0.0,0.09
2024-07-17 15:02:09.433803,655.32,0.04,0.0,0.09
2024-07-17 15:02:12.437356,655.32,0.04,0.0,0.09
2024-07-17 15:02:15.441098,655.32,0.05,0.0,0.1
2024-07-17 15:02:18.445750,655.31,0.05,0.0,0.1
2024-07-17 15:02:21.449991,655.3,0.05,0.0,0.11
2024-07-17 15:02:24.453784,655.31,0.04,0.0,0.09
2024-07-17 15:02:27.455487,655.32,0.05,0.0,0.1
2024-07-17 15:02:30.491389,655.31,0.04,0.0,0.09
2024-07-17 15:02:33.500878,655.32,0.05,0.0,0.09
2024-07-17 15:02:36.503723,655.32,0.04,0.0,0.09
2024-07-17 15:02:39.517536,655.31,0.05,0.0,0.1
2024-07-17 15:02:42.522584,655.31,0.04,0.0,0.09
2024-07-17 15:02:45.528699,655.28,0.09,0.0,0.17
2024-07-17 15:02:48.532623,655.32,0.05,0.0,0.09
2024-07-17 15:02:51.534264,655.31,0.04,0.0,0.1
2024-07-17 15:02:54.538360,655.32,0.06,0.0,0.1
2024-07-17 15:02:57.541482,655.31,0.04,0.0,0.09
2024-07-17 15:03:00.544944,655.32,0.05,0.0,0.09
2024-07-17 15:03:03.548072,655.29,0.08,0.0,0.16
2024-07-17 15:03:06.552136,655.28,0.12,0.0,0.2
2024-07-17 15:03:09.554269,655.31,0.04,0.0,0.1
2024-07-17 15:03:12.558929,655.32,0.04,0.0,0.09
2024-07-17 15:03:15.561615,655.32,0.06,0.0,0.11
2024-07-17 15:03:18.565442,655.32,0.04,0.0,0.09
2024-07-17 15:03:21.567534,655.28,0.11,0.0,0.2
2024-07-17 15:03:24.570267,655.29,0.07,655.35,0.15
2024-07-17 15:03:27.573531,655.31,0.06,0.0,0.11
2024-07-17 15:03:30.578339,655.3,0.06,0.0,0.13
2024-07-17 15:03:33.582394,654.96,0.4,0.01,0.81
2024-07-17 15:03:36.585130,655.32,0.05,0.0,0.09
2024-07-17 15:03:39.589177,655.31,0.05,0.0,0.1
2024-07-17 15:03:42.595192,655.31,0.04,0.0,0.09
2024-07-17 15:03:45.601953,655.31,0.05,0.0,0.11
2024-07-17 15:03:48.605019,655.28,0.07,0.0,0.16
2024-07-17 15:03:51.608063,655.33,0.05,0.0,0.09
2024-07-17 15:03:54.611463,655.32,0.04,0.0,0.09
2024-07-17 15:03:57.613538,655.31,0.05,0.0,0.1
2024-07-17 15:04:00.617139,655.32,0.05,0.0,0.09
2024-07-17 15:04:03.619638,655.32,0.06,0.0,0.1
2024-07-17 15:04:06.623268,655.31,0.05,0.0,0.1
2024-07-17 15:04:09.627618,655.32,0.04,0.0,0.09
2024-07-17 15:04:12.633265,655.31,0.05,0.0,0.1
2024-07-17 15:04:15.637595,655.32,0.04,0.0,0.09
2024-07-17 15:04:18.642185,655.32,0.05,0.0,0.09
2024-07-17 15:04:21.647550,655.31,0.04,0.0,0.09
2024-07-17 15:04:24.650514,655.31,0.06,0.0,0.11
2024-07-17 15:04:27.655646,655.31,0.05,0.0,0.11
2024-07-17 15:04:30.660241,655.32,0.05,0.0,0.09
2024-07-17 15:04:33.664699,654.42,0.82,655.32,1.77
2024-07-17 15:04:36.666219,655.31,0.09,0.0,0.15
2024-07-17 15:04:39.668318,655.32,0.05,0.0,0.1
2024-07-17 15:04:42.671601,655.32,0.05,0.0,0.1
2024-07-17 15:04:45.677466,655.32,0.05,0.0,0.09
2024-07-17 15:04:48.681427,655.32,0.05,0.0,0.09
2024-07-17 15:04:51.685081,655.31,0.05,0.0,0.1
2024-07-17 15:04:54.689280,655.31,0.05,0.0,0.1
2024-07-17 15:04:57.694419,655.32,0.05,0.0,0.1
2024-07-17 15:05:00.697833,655.31,0.05,0.0,0.1
2024-07-17 15:05:03.701175,655.29,0.07,0.0,0.14
2024-07-17 15:05:06.706446,655.31,0.05,0.0,0.1
2024-07-17 15:05:09.710120,655.33,0.06,0.0,0.1
2024-07-17 15:05:12.714713,655.31,0.04,0.0,0.1
2024-07-17 15:05:15.719777,655.31,0.04,0.0,0.09
2024-07-17 15:05:18.726401,655.31,0.04,0.0,0.09
2024-07-17 15:05:21.733612,655.32,0.05,0.0,0.1
2024-07-17 15:05:24.740296,655.31,0.05,0.0,0.1
2024-07-17 15:05:27.742378,655.32,0.05,0.0,0.1
2024-07-17 15:05:30.747751,655.32,0.05,0.0,0.09
2024-07-17 15:05:33.752769,655.32,0.05,0.0,0.1
2024-07-17 15:05:36.755639,655.31,0.06,0.0,0.11
2024-07-17 15:05:39.759806,655.32,0.05,0.0,0.1
2024-07-17 15:05:42.765120,655.31,0.05,0.0,0.1
2024-07-17 15:05:45.768279,655.32,0.04,0.0,0.08
2024-07-17 15:05:48.775633,655.31,0.04,0.0,0.1
2024-07-17 15:05:51.783598,655.31,0.05,0.0,0.11
2024-07-17 15:05:54.786222,655.31,0.04,0.0,0.1
2024-07-17 15:05:57.792934,655.32,0.04,0.0,0.09
2024-07-17 15:06:00.804674,655.32,0.05,0.0,0.09
2024-07-17 15:06:03.808656,655.31,0.05,0.0,0.11
2024-07-17 15:06:06.813904,655.32,0.05,0.0,0.1
2024-07-17 15:06:09.816550,655.32,0.05,0.0,0.09
2024-07-17 15:06:12.818649,655.32,0.05,0.0,0.09
2024-07-17 15:06:15.836995,655.33,0.04,0.0,0.08
2024-07-17 15:06:18.841688,655.32,0.04,0.0,0.09
2024-07-17 15:06:21.847072,654.86,0.54,0.0,1.04
2024-07-17 15:06:24.851829,655.3,0.06,0.0,0.12
2024-07-17 15:06:27.855159,655.31,0.04,0.0,0.09
2024-07-17 15:06:30.860188,655.32,0.05,0.0,0.1
2024-07-17 15:06:33.869531,655.32,0.05,0.0,0.09
2024-07-17 15:06:36.874489,655.31,0.05,0.0,0.11
2024-07-17 15:06:39.884858,655.28,0.1,0.0,0.19
2024-07-17 15:06:42.887456,655.31,0.05,0.0,0.1
2024-07-17 15:06:45.900426,655.32,0.05,0.0,0.1
2024-07-17 15:06:48.902265,655.33,0.04,0.0,0.08
2024-07-17 15:06:51.905093,655.31,0.05,0.0,0.11
2024-07-17 15:06:54.907512,655.32,0.05,0.0,0.1
2024-07-17 15:06:57.910654,655.32,0.04,0.0,0.08
2024-07-17 15:07:00.929710,655.32,0.05,0.0,0.09
2024-07-17 15:07:03.932535,655.32,0.04,0.0,0.09
2024-07-17 15:07:06.941829,655.28,0.08,0.0,0.16
2024-07-17 15:07:09.944914,655.32,0.05,0.0,0.09
2024-07-17 15:07:12.948609,655.31,0.06,0.01,0.12
2024-07-17 15:07:15.952726,655.3,0.04,0.0,0.11
2024-07-17 15:07:18.956593,655.32,0.05,0.0,0.1
2024-07-17 15:07:21.960039,655.32,0.05,0.0,0.1
2024-07-17 15:07:24.967119,655.31,0.05,0.0,0.11
2024-07-17 15:07:27.970902,655.32,0.05,0.0,0.1
2024-07-17 15:07:30.973313,655.3,0.05,0.0,0.12
2024-07-17 15:07:33.975816,655.31,0.04,0.0,0.1
2024-07-17 15:07:36.979761,655.31,0.07,0.01,0.13
2024-07-17 15:07:39.982914,655.32,0.06,0.0,0.1
2024-07-17 15:07:42.988220,655.31,0.06,0.0,0.11
2024-07-17 15:07:45.993335,655.32,0.04,0.0,0.08
2024-07-17 15:07:49.001671,655.32,0.07,0.02,0.12
2024-07-17 15:07:52.005386,655.32,0.05,0.0,0.1
2024-07-17 15:07:55.009956,655.32,0.05,0.0,0.1
2024-07-17 15:07:58.013717,655.32,0.05,0.0,0.09
2024-07-17 15:08:01.017419,655.32,0.05,0.0,0.09
2024-07-17 15:08:04.023193,655.31,0.04,0.0,0.09
2024-07-17 15:08:07.025587,655.32,0.04,0.0,0.08
2024-07-17 15:08:10.028524,655.31,0.05,0.0,0.1
2024-07-17 15:08:13.031813,655.31,0.05,0.0,0.1
2024-07-17 15:08:16.035230,655.32,0.05,0.0,0.1
2024-07-17 15:08:19.037099,655.31,0.04,0.0,0.1
2024-07-17 15:08:22.040377,655.32,0.05,0.0,0.09
2024-07-17 15:08:25.043275,655.32,0.04,0.0,0.09
2024-07-17 15:08:28.045807,655.32,0.04,0.0,0.09
2024-07-17 15:08:31.049855,655.32,0.05,0.0,0.09
2024-07-17 15:08:34.052090,655.32,0.04,0.0,0.09
2024-07-17 15:08:37.055926,655.32,0.05,0.0,0.1
2024-07-17 15:08:40.060212,655.32,0.05,0.0,0.1
2024-07-17 15:08:43.063037,655.32,0.05,0.0,0.09
2024-07-17 15:08:46.066653,655.32,0.05,0.0,0.09
2024-07-17 15:08:49.068901,655.32,0.05,0.0,0.1
2024-07-17 15:08:52.071836,655.31,0.05,0.0,0.1
2024-07-17 15:08:55.080195,655.32,0.05,0.0,0.09
2024-07-17 15:08:58.085770,655.31,0.04,0.0,0.1
2024-07-17 15:09:01.092011,655.32,0.04,0.0,0.09
2024-07-17 15:09:04.095036,655.32,0.04,0.0,0.09
2024-07-17 15:09:07.099868,655.32,0.05,0.0,0.09
2024-07-17 15:09:10.105793,655.32,0.04,0.0,0.09
2024-07-17 15:09:13.110733,655.31,0.04,0.0,0.09
2024-07-17 15:09:16.114304,655.32,0.04,0.0,0.08
2024-07-17 15:09:19.120277,655.32,0.04,0.0,0.09
2024-07-17 15:09:22.123337,655.32,0.04,0.0,0.08
2024-07-17 15:09:25.125230,655.32,0.05,0.0,0.1
2024-07-17 15:09:28.128276,655.32,0.04,0.0,0.09
2024-07-17 15:09:31.130894,655.31,0.04,0.0,0.1
2024-07-17 15:09:34.133499,655.32,0.05,0.0,0.09
2024-07-17 15:09:37.137042,655.32,0.05,0.0,0.09
2024-07-17 15:09:40.139210,655.32,0.05,0.0,0.09
2024-07-17 15:09:43.148058,655.32,0.05,0.0,0.09
2024-07-17 15:09:46.151958,655.32,0.04,0.0,0.09
2024-07-17 15:09:49.155792,655.31,0.04,0.0,0.1
2024-07-17 15:09:52.162874,655.32,0.04,0.0,0.09
2024-07-17 15:09:55.165909,655.32,0.04,0.0,0.08
2024-07-17 15:09:58.169745,655.31,0.05,0.0,0.1
2024-07-17 15:10:01.173012,655.31,0.04,0.0,0.09
2024-07-17 15:10:04.176130,655.32,0.04,0.0,0.08
2024-07-17 15:10:07.178914,655.32,0.04,0.0,0.09
2024-07-17 15:10:10.181542,655.31,0.05,0.0,0.1
2024-07-17 15:10:13.186487,655.32,0.05,0.0,0.09
2024-07-17 15:10:16.189297,655.31,0.04,0.0,0.1
2024-07-17 15:10:19.191720,655.32,0.06,0.0,0.1
2024-07-17 15:10:22.194277,655.32,0.04,0.0,0.08
2024-07-17 15:10:25.198182,655.32,0.05,0.0,0.09
2024-07-17 15:10:28.200860,655.32,0.05,0.0,0.1
2024-07-17 15:10:31.204374,655.32,0.05,0.0,0.09
2024-07-17 15:10:34.214383,655.31,0.04,0.0,0.09
2024-07-17 15:10:37.217322,655.32,0.04,0.0,0.08
2024-07-17 15:10:40.219572,655.32,0.04,0.0,0.09
2024-07-17 15:10:43.224774,655.32,0.04,0.0,0.09
2024-07-17 15:10:46.228559,655.32,0.04,0.0,0.08
2024-07-17 15:10:49.230869,655.31,0.05,0.0,0.1
2024-07-17 15:10:52.233939,655.32,0.04,0.0,0.09
2024-07-17 15:10:55.237445,655.32,0.05,0.0,0.09
2024-07-17 15:10:58.241977,655.32,0.04,0.0,0.08
2024-07-17 15:11:01.243811,655.32,0.04,0.0,0.08
2024-07-17 15:11:04.245776,655.32,0.05,0.0,0.1
2024-07-17 15:11:07.247417,655.32,0.04,0.0,0.09
2024-07-17 15:11:10.250170,655.33,0.04,0.0,0.08
2024-07-17 15:11:13.254571,655.31,0.05,0.0,0.1
2024-07-17 15:11:16.256275,655.32,0.05,0.0,0.09
2024-07-17 15:11:19.258972,655.32,0.04,0.0,0.09
2024-07-17 15:11:22.266224,655.32,0.04,0.0,0.09
2024-07-17 15:11:25.271687,655.31,0.05,0.0,0.1
2024-07-17 15:11:28.274936,655.31,0.05,0.0,0.1
2024-07-17 15:11:31.282128,655.32,0.05,0.0,0.1
2024-07-17 15:11:34.285214,655.31,0.04,0.0,0.09
2024-07-17 15:11:37.288074,655.32,0.04,0.0,0.09
2024-07-17 15:11:40.291396,655.32,0.04,0.0,0.09
2024-07-17 15:11:43.295648,655.31,0.04,0.0,0.09
2024-07-17 15:11:46.298043,655.32,0.05,0.0,0.09
2024-07-17 15:11:49.300596,655.31,0.05,0.0,0.1
2024-07-17 15:11:52.305069,655.32,0.04,0.0,0.09
2024-07-17 15:11:55.310243,655.31,0.05,0.0,0.1
2024-07-17 15:11:58.312750,655.32,0.05,0.0,0.1
2024-07-17 15:12:01.316526,655.32,0.05,0.0,0.1
2024-07-17 15:12:04.324972,655.31,0.04,0.0,0.09
2024-07-17 15:12:07.329433,655.32,0.05,0.0,0.1
2024-07-17 15:12:10.333068,655.32,0.04,0.0,0.09
2024-07-17 15:12:13.336485,655.32,0.04,0.0,0.09
2024-07-17 15:12:16.338732,655.32,0.05,0.0,0.09
2024-07-17 15:12:19.340602,655.32,0.05,0.0,0.1
2024-07-17 15:12:22.342981,655.32,0.04,0.0,0.09
2024-07-17 15:12:25.345901,655.32,0.05,0.0,0.09
2024-07-17 15:12:28.350094,655.32,0.04,0.0,0.09
2024-07-17 15:12:31.353013,655.32,0.04,0.0,0.09
2024-07-17 15:12:34.355420,655.32,0.04,0.0,0.09
2024-07-17 15:12:37.357318,655.32,0.05,0.0,0.09
2024-07-17 15:12:40.364823,655.32,0.04,0.0,0.08
2024-07-17 15:12:43.367443,655.32,0.05,0.0,0.09
2024-07-17 15:12:46.370942,655.31,0.05,0.0,0.1
2024-07-17 15:12:49.375992,655.32,0.04,0.0,0.08
2024-07-17 15:12:52.377472,655.31,0.04,0.0,0.09
2024-07-17 15:12:55.380819,655.32,0.04,0.0,0.08
2024-07-17 15:12:58.388086,655.31,0.04,0.0,0.1
2024-07-17 15:13:01.391781,655.32,0.05,0.0,0.09
2024-07-17 15:13:04.394795,655.31,0.04,0.0,0.09
2024-07-17 15:13:07.396694,655.31,0.04,0.0,0.1
2024-07-17 15:13:10.398294,655.31,0.05,0.0,0.1
2024-07-17 15:13:13.402480,655.31,0.05,0.0,0.1
2024-07-17 15:13:16.408578,655.32,0.04,0.0,0.09
2024-07-17 15:13:19.410567,655.31,0.04,0.0,0.09
2024-07-17 15:13:22.413226,655.32,0.04,0.0,0.09
2024-07-17 15:13:25.415980,655.32,0.05,0.0,0.09
2024-07-17 15:13:28.425554,655.32,0.05,0.0,0.09
2024-07-17 15:13:31.428069,655.32,0.04,0.0,0.09
2024-07-17 15:13:34.431391,655.32,0.05,0.0,0.1
2024-07-17 15:13:37.435068,655.32,0.03,0.0,0.08
2024-07-17 15:13:40.442315,655.32,0.05,0.0,0.09
2024-07-17 15:13:43.446385,655.31,0.04,0.0,0.09
2024-07-17 15:13:46.451227,655.32,0.04,0.0,0.09
2024-07-17 15:13:49.453472,655.32,0.05,0.0,0.1
2024-07-17 15:13:52.459546,655.33,0.04,0.0,0.08
2024-07-17 15:13:55.467588,655.32,0.04,0.0,0.09
2024-07-17 15:13:58.471710,655.31,0.05,0.0,0.1
2024-07-17 15:14:01.474963,655.32,0.04,0.0,0.09
2024-07-17 15:14:04.477488,655.32,0.05,0.0,0.1
2024-07-17 15:14:07.481344,655.32,0.05,0.0,0.1
2024-07-17 15:14:10.484158,655.32,0.05,0.0,0.1
2024-07-17 15:14:13.489403,655.32,0.05,0.0,0.09
2024-07-17 15:14:16.493732,655.32,0.04,0.0,0.09
2024-07-17 15:14:19.499903,655.31,0.05,0.0,0.1
2024-07-17 15:14:22.504560,655.32,0.04,0.0,0.08
2024-07-17 15:14:25.507941,655.32,0.05,0.0,0.1
2024-07-17 15:14:28.515420,655.32,0.05,0.0,0.09
2024-07-17 15:14:31.517613,655.31,0.05,0.0,0.1
2024-07-17 15:14:34.528969,655.32,0.04,0.0,0.09
2024-07-17 15:14:37.534887,655.32,0.04,0.0,0.09
2024-07-17 15:14:40.539493,655.32,0.05,0.0,0.1
2024-07-17 15:14:43.541963,655.32,0.05,0.0,0.09
2024-07-17 15:14:46.544246,655.32,0.05,0.0,0.1
2024-07-17 15:14:49.546720,655.32,0.04,0.0,0.09
2024-07-17 15:14:52.550916,655.32,0.05,0.0,0.09
2024-07-17 15:14:55.553773,655.31,0.04,0.0,0.09
2024-07-17 15:14:58.556575,655.32,0.04,0.0,0.09
2024-07-17 15:15:01.559777,655.32,0.05,0.0,0.09
2024-07-17 15:15:04.564148,655.32,0.04,0.0,0.09
2024-07-17 15:15:07.566474,655.32,0.05,0.0,0.1
2024-07-17 15:15:10.573036,655.32,0.05,0.0,0.09
2024-07-17 15:15:13.575116,655.32,0.04,0.0,0.09
2024-07-17 15:15:16.577867,655.31,0.05,0.0,0.1
2024-07-17 15:15:19.583909,655.32,0.04,0.0,0.09
2024-07-17 15:15:22.586393,655.32,0.05,0.0,0.09
2024-07-17 15:15:25.589823,655.31,0.05,0.0,0.1
2024-07-17 15:15:28.592914,655.32,0.04,0.0,0.09
2024-07-17 15:15:31.595836,655.32,0.04,0.0,0.09
2024-07-17 15:15:34.599360,655.32,0.05,0.0,0.09
2024-07-17 15:15:37.601585,655.32,0.04,0.0,0.09
2024-07-17 15:15:40.603519,655.31,0.04,0.0,0.1
2024-07-17 15:15:43.608418,655.32,0.04,0.0,0.09
2024-07-17 15:15:46.614459,655.31,0.04,0.0,0.1
2024-07-17 15:15:49.616811,655.31,0.05,0.0,0.1
2024-07-17 15:15:52.619481,655.32,0.04,0.0,0.08
2024-07-17 15:15:55.622035,655.32,0.05,0.0,0.1
2024-07-17 15:15:58.625160,655.33,0.04,0.0,0.08
2024-07-17 15:16:01.628018,655.32,0.04,0.0,0.09
2024-07-17 15:16:04.630272,655.32,0.04,0.0,0.09
2024-07-17 15:16:07.633158,655.31,0.04,0.0,0.09
2024-07-17 15:16:10.634487,655.32,0.05,0.0,0.09
2024-07-17 15:16:13.637847,655.31,0.04,0.0,0.1
2024-07-17 15:16:16.641590,655.32,0.04,0.0,0.09
2024-07-17 15:16:19.645156,655.31,0.04,0.0,0.09
2024-07-17 15:16:22.647168,655.31,0.04,0.0,0.1
2024-07-17 15:16:25.649912,655.31,0.05,0.0,0.1
2024-07-17 15:16:28.653426,655.32,0.04,0.0,0.09
2024-07-17 15:16:31.655871,655.32,0.05,0.0,0.09
2024-07-17 15:16:34.657967,655.31,0.05,0.0,0.1
2024-07-17 15:16:37.661116,655.31,0.05,0.0,0.1
2024-07-17 15:16:40.663797,655.32,0.05,0.0,0.09
2024-07-17 15:16:43.668114,655.32,0.04,0.0,0.09
2024-07-17 15:16:46.672049,655.32,0.04,0.0,0.08
2024-07-17 15:16:49.674721,655.32,0.04,0.0,0.09
2024-07-17 15:16:52.679387,655.31,0.04,0.0,0.1
2024-07-17 15:16:55.682344,655.32,0.05,0.0,0.09
2024-07-17 15:16:58.684058,655.31,0.05,0.0,0.1
2024-07-17 15:17:01.687420,655.32,0.05,0.0,0.1
2024-07-17 15:17:04.690402,655.31,0.05,0.0,0.1
2024-07-17 15:17:07.693069,655.31,0.05,0.0,0.1
2024-07-17 15:17:10.695114,655.32,0.04,0.0,0.09
2024-07-17 15:17:13.695894,655.31,0.05,0.0,0.1
2024-07-17 15:17:16.698509,655.32,0.04,0.0,0.09
2024-07-17 15:17:19.705532,655.32,0.05,0.0,0.09
2024-07-17 15:17:22.706690,655.32,0.04,0.0,0.09
2024-07-17 15:17:25.710289,655.32,0.04,0.0,0.09
2024-07-17 15:17:28.713001,655.32,0.04,0.0,0.09
2024-07-17 15:17:31.716023,655.32,0.05,0.0,0.1
2024-07-17 15:17:34.723666,655.32,0.05,0.0,0.09
2024-07-17 15:17:37.725829,655.32,0.05,0.0,0.1
2024-07-17 15:17:40.729176,655.32,0.04,0.0,0.08
2024-07-17 15:17:43.730513,655.32,0.04,0.0,0.09
2024-07-17 15:17:46.732962,655.31,0.05,0.0,0.1
2024-07-17 15:17:49.744503,655.32,0.05,0.0,0.1
2024-07-17 15:17:52.747993,655.32,0.05,0.0,0.09
2024-07-17 15:17:55.751434,655.32,0.04,0.0,0.09
2024-07-17 15:17:58.753868,655.32,0.05,0.0,0.09
2024-07-17 15:18:01.755140,655.32,0.04,0.0,0.08
2024-07-17 15:18:04.756918,655.32,0.05,0.0,0.09
2024-07-17 15:18:07.759369,655.32,0.05,0.0,0.1
2024-07-17 15:18:10.762885,655.32,0.05,0.0,0.1
2024-07-17 15:18:13.766111,655.32,0.04,0.0,0.09
2024-07-17 15:18:16.768225,655.32,0.04,0.0,0.09
2024-07-17 15:18:19.770514,655.32,0.04,0.0,0.09
2024-07-17 15:18:22.772728,655.31,0.05,0.0,0.1
2024-07-17 15:18:25.773907,655.32,0.05,0.0,0.1
2024-07-17 15:18:28.776520,655.32,0.05,0.0,0.1
2024-07-17 15:18:31.781223,655.32,0.04,0.0,0.09
2024-07-17 15:18:34.783514,655.32,0.04,0.0,0.09
2024-07-17 15:18:37.786188,655.32,0.04,0.0,0.09
2024-07-17 15:18:40.786959,655.31,0.05,0.0,0.1
2024-07-17 15:18:43.789816,655.32,0.05,0.0,0.09
2024-07-17 15:18:46.794947,655.31,0.04,0.0,0.09
2024-07-17 15:18:49.797542,655.31,0.05,0.0,0.1
2024-07-17 15:18:52.799910,655.31,0.05,0.0,0.1
2024-07-17 15:18:55.800338,655.32,0.04,0.0,0.09
2024-07-17 15:18:58.810399,655.31,0.05,0.0,0.1
2024-07-17 15:19:01.812552,655.32,0.05,0.0,0.09
2024-07-17 15:19:04.816625,655.32,0.04,0.0,0.09
2024-07-17 15:19:07.818300,655.32,0.04,0.0,0.08
2024-07-17 15:19:10.821425,655.31,0.04,0.0,0.09
2024-07-17 15:19:13.824831,655.31,0.05,0.0,0.11
2024-07-17 15:19:16.827557,655.32,0.05,0.0,0.09
2024-07-17 15:19:19.829857,655.32,0.05,0.0,0.1
2024-07-17 15:19:22.832359,655.31,0.05,0.0,0.1
2024-07-17 15:19:25.834851,655.32,0.05,0.0,0.1
2024-07-17 15:19:28.836541,655.31,0.04,0.0,0.09
2024-07-17 15:19:31.840063,655.32,0.05,0.0,0.1
2024-07-17 15:19:34.845387,655.32,0.04,0.0,0.09
2024-07-17 15:19:37.848217,655.32,0.05,0.0,0.1
2024-07-17 15:19:40.854009,655.32,0.03,0.0,0.08
2024-07-17 15:19:43.856949,655.32,0.04,0.0,0.09
2024-07-17 15:19:46.859057,655.32,0.05,0.0,0.1
2024-07-17 15:19:49.862579,655.32,0.05,0.0,0.09
2024-07-17 15:19:52.863888,655.32,0.04,0.0,0.08
2024-07-17 15:19:55.866733,655.31,0.04,0.0,0.09
2024-07-17 15:19:58.874116,655.32,0.04,0.0,0.09
2024-07-17 15:20:01.876991,655.32,0.04,0.0,0.09
2024-07-17 15:20:04.878867,655.32,0.04,0.0,0.08
2024-07-17 15:20:07.881706,655.32,0.04,0.0,0.09
2024-07-17 15:20:10.884932,655.31,0.04,0.0,0.1
2024-07-17 15:20:13.889540,655.32,0.04,0.0,0.08
2024-07-17 15:20:16.890867,655.32,0.04,0.0,0.08
2024-07-17 15:20:19.893199,655.32,0.05,0.0,0.09
2024-07-17 15:20:22.895922,655.32,0.05,0.0,0.1
2024-07-17 15:20:25.897902,655.31,0.05,0.0,0.1
2024-07-17 15:20:28.898467,655.32,0.04,0.0,0.09
2024-07-17 15:20:31.902036,655.32,0.05,0.0,0.1
2024-07-17 15:20:34.904865,655.31,0.04,0.0,0.09
2024-07-17 15:20:37.907743,655.32,0.05,0.0,0.09
2024-07-17 15:20:40.910753,655.31,0.05,0.0,0.1
2024-07-17 15:20:43.913603,655.32,0.04,0.0,0.09
2024-07-17 15:20:46.916242,655.31,0.04,0.0,0.09
2024-07-17 15:20:49.919129,655.32,0.05,0.0,0.1
2024-07-17 15:20:52.924789,655.32,0.05,0.0,0.09
2024-07-17 15:20:55.930112,655.32,0.04,0.0,0.09
2024-07-17 15:20:58.932274,655.32,0.05,0.0,0.09
2024-07-17 15:21:01.935486,655.32,0.05,0.0,0.1
2024-07-17 15:21:04.938213,655.32,0.04,0.0,0.09
2024-07-17 15:21:07.941912,655.31,0.04,0.0,0.1
2024-07-17 15:21:10.944304,655.31,0.04,0.0,0.1
2024-07-17 15:21:13.947339,655.32,0.04,0.0,0.09
2024-07-17 15:21:16.949541,655.31,0.05,0.0,0.1
2024-07-17 15:21:19.951442,655.31,0.05,0.0,0.1
2024-07-17 15:21:22.954538,655.32,0.04,0.0,0.09
2024-07-17 15:21:25.956699,655.32,0.05,0.0,0.09
2024-07-17 15:21:28.958818,655.32,0.04,0.0,0.09
2024-07-17 15:21:31.961032,655.32,0.05,0.0,0.1
2024-07-17 15:21:34.963556,655.31,0.05,0.0,0.1
2024-07-17 15:21:37.965911,655.31,0.05,0.0,0.1
2024-07-17 15:21:40.971586,655.33,0.05,0.0,0.09
2024-07-17 15:21:43.973931,655.32,0.04,0.0,0.09
2024-07-17 15:21:46.976776,655.31,0.04,0.0,0.09
2024-07-17 15:21:49.978079,655.31,0.04,0.0,0.09
2024-07-17 15:21:52.980683,655.31,0.05,0.0,0.1
2024-07-17 15:21:55.983728,655.31,0.05,0.0,0.1
2024-07-17 15:21:58.987832,655.31,0.05,0.0,0.1
2024-07-17 15:22:01.990100,655.32,0.04,0.0,0.09
2024-07-17 15:22:04.993483,655.31,0.05,0.0,0.1
2024-07-17 15:22:07.994531,655.32,0.05,0.0,0.1
2024-07-17 15:22:10.998184,655.31,0.04,0.0,0.09
2024-07-17 15:22:14.001949,655.32,0.04,0.0,0.09
2024-07-17 15:22:17.004623,655.31,0.05,0.0,0.1
2024-07-17 15:22:20.007516,655.32,0.04,0.0,0.08
2024-07-17 15:22:23.011717,655.31,0.05,0.0,0.1
2024-07-17 15:22:26.015142,655.32,0.04,0.0,0.08
2024-07-17 15:22:29.016187,655.32,0.04,0.0,0.08
2024-07-17 15:22:32.020090,655.32,0.04,0.0,0.09
2024-07-17 15:22:35.027631,655.31,0.04,0.0,0.09
2024-07-17 15:22:38.030047,655.32,0.05,0.0,0.1
2024-07-17 15:22:41.033697,655.32,0.05,0.0,0.09
2024-07-17 15:22:44.037167,655.31,0.04,0.0,0.09
2024-07-17 15:22:47.040120,655.32,0.04,0.0,0.09
2024-07-17 15:22:50.043190,655.32,0.05,0.0,0.09
2024-07-17 15:22:53.046156,655.32,0.04,0.0,0.08
2024-07-17 15:22:56.048836,655.33,0.05,0.0,0.09
2024-07-17 15:22:59.050451,655.32,0.05,0.0,0.09
2024-07-17 15:23:02.053822,655.32,0.05,0.0,0.1
2024-07-17 15:23:05.055770,655.32,0.04,0.0,0.09
2024-07-17 15:23:08.058681,655.32,0.04,0.0,0.09
2024-07-17 15:23:11.061268,655.32,0.04,0.0,0.09
2024-07-17 15:23:14.063341,655.32,0.05,0.0,0.1
2024-07-17 15:23:17.065500,655.31,0.04,0.0,0.09
2024-07-17 15:23:20.067448,655.31,0.04,0.0,0.09
2024-07-17 15:23:23.069831,655.32,0.05,0.0,0.1
2024-07-17 15:23:26.072564,655.32,0.04,0.0,0.09
2024-07-17 15:23:29.076567,655.32,0.04,0.0,0.09
2024-07-17 15:23:32.078755,655.31,0.04,0.0,0.1
2024-07-17 15:23:35.081276,655.32,0.04,0.0,0.08
2024-07-17 15:23:38.083552,655.32,0.05,0.0,0.1
2024-07-17 15:23:41.085209,655.32,0.05,0.0,0.1
2024-07-17 15:23:44.087948,655.31,0.05,0.0,0.1
2024-07-17 15:23:47.090922,655.32,0.05,0.0,0.1
2024-07-17 15:23:50.092457,655.32,0.05,0.0,0.09
2024-07-17 15:23:53.095459,655.32,0.04,0.0,0.09
2024-07-17 15:23:56.096860,655.32,0.04,0.0,0.08
2024-07-17 15:23:59.100493,655.32,0.05,0.0,0.09
2024-07-17 15:24:02.102677,655.32,0.04,0.0,0.09
2024-07-17 15:24:05.107068,655.31,0.05,0.0,0.1
2024-07-17 15:24:08.109913,655.32,0.05,0.0,0.1
2024-07-17 15:24:11.112339,655.31,0.05,0.0,0.1
2024-07-17 15:24:14.115665,655.32,0.04,0.0,0.09
2024-07-17 15:24:17.118301,655.32,0.05,0.0,0.09
2024-07-17 15:24:20.120875,655.32,0.05,0.0,0.1
2024-07-17 15:24:23.124671,655.32,0.04,0.0,0.09
2024-07-17 15:24:26.129164,655.32,0.05,0.0,0.09
2024-07-17 15:24:29.132288,655.32,0.05,0.0,0.1
2024-07-17 15:24:32.135569,655.32,0.04,0.0,0.08
2024-07-17 15:24:35.137686,655.32,0.04,0.0,0.09
2024-07-17 15:24:38.140460,655.32,0.04,0.0,0.09
2024-07-17 15:24:41.143412,655.32,0.05,0.0,0.09
2024-07-17 15:24:44.145404,655.32,0.04,0.0,0.09
2024-07-17 15:24:47.148128,655.32,0.05,0.0,0.09
2024-07-17 15:24:50.155421,655.32,0.05,0.0,0.09
2024-07-17 15:24:53.158162,655.31,0.05,0.0,0.1
2024-07-17 15:24:56.161776,655.31,0.05,0.0,0.1
2024-07-17 15:24:59.165200,655.32,0.05,0.0,0.09
2024-07-17 15:25:02.168717,655.31,0.05,0.0,0.1
2024-07-17 15:25:05.171112,655.32,0.05,0.0,0.1
2024-07-17 15:25:08.173286,655.32,0.05,0.0,0.1
2024-07-17 15:25:11.175674,655.32,0.05,0.0,0.09
2024-07-17 15:25:14.177291,655.32,0.04,0.0,0.09
2024-07-17 15:25:17.178959,655.32,0.05,0.0,0.09
2024-07-17 15:25:20.181544,655.31,0.04,0.0,0.09
2024-07-17 15:25:23.184771,655.32,0.05,0.0,0.09
2024-07-17 15:25:26.188033,655.32,0.04,0.0,0.09
2024-07-17 15:25:29.190912,655.32,0.04,0.0,0.08
2024-07-17 15:25:32.193711,655.32,0.05,0.0,0.1
2024-07-17 15:25:35.195386,655.32,0.04,0.0,0.09
2024-07-17 15:25:38.199123,655.32,0.04,0.0,0.09
2024-07-17 15:25:41.202026,655.32,0.05,0.0,0.09
2024-07-17 15:25:44.205304,655.31,0.05,0.0,0.1
2024-07-17 15:25:47.209111,655.32,0.05,0.0,0.09
2024-07-17 15:25:50.209510,655.32,0.04,0.0,0.09
2024-07-17 15:25:53.212239,655.32,0.05,0.0,0.09
2024-07-17 15:25:56.214778,655.32,0.04,0.0,0.09
2024-07-17 15:25:59.217016,655.32,0.04,0.0,0.09
2024-07-17 15:26:02.221001,655.32,0.04,0.0,0.09
2024-07-17 15:26:05.223559,655.32,0.04,0.0,0.09
2024-07-17 15:26:08.226356,655.32,0.05,0.0,0.09
2024-07-17 15:26:11.228863,655.25,0.15,0.03,0.26
2024-07-17 15:26:14.230258,655.32,0.06,0.0,0.1
2024-07-17 15:26:17.232277,655.3,0.05,0.0,0.12
2024-07-17 15:26:20.234812,655.32,0.05,0.0,0.09
2024-07-17 15:26:23.236574,655.31,0.06,0.0,0.11
2024-07-17 15:26:26.241248,655.32,0.04,0.0,0.08
2024-07-17 15:26:29.246477,655.28,0.08,0.0,0.16
2024-07-17 15:26:32.248948,655.3,0.06,0.0,0.13
2024-07-17 15:26:35.253368,655.31,0.04,0.0,0.09
2024-07-17 15:02:29.268578,655.32,0.04,0.0,0.09
2024-07-17 15:02:32.271624,655.32,0.04,0.0,0.08
2024-07-17 15:02:35.275668,655.31,0.04,0.0,0.1
2024-07-17 15:02:38.280866,655.31,0.06,0.0,0.11
2024-07-17 15:02:41.283970,655.32,0.05,0.0,0.09
2024-07-17 15:02:44.287100,655.31,0.08,0.01,0.13
2024-07-17 15:02:47.292601,655.32,0.06,0.0,0.1
2024-07-17 15:02:50.297712,655.3,0.06,0.0,0.12
2024-07-17 15:02:53.303172,655.32,0.05,0.0,0.09
2024-07-17 15:02:56.307120,655.31,0.05,0.0,0.11
2024-07-17 15:02:59.311834,655.32,0.05,0.0,0.1
2024-07-17 15:03:02.313959,655.31,0.05,0.0,0.1
2024-07-17 15:03:05.316082,655.31,0.06,0.0,0.12
2024-07-17 15:03:08.320241,655.32,0.04,0.0,0.09
2024-07-17 15:03:11.324196,655.31,0.05,0.0,0.11
2024-07-17 15:03:14.330563,655.32,0.06,0.0,0.1
2024-07-17 15:03:17.337414,655.31,0.06,0.0,0.11
2024-07-17 15:03:20.342839,655.3,0.04,0.0,0.1
2024-07-17 15:03:23.348155,655.3,0.07,0.0,0.13
2024-07-17 15:03:26.354956,655.31,0.04,0.0,0.1
2024-07-17 15:03:29.360312,654.71,0.76,0.25,1.41
2024-07-17 15:03:32.362721,653.44,5.62,654.97,7.55
2024-07-17 15:03:35.368109,655.32,0.06,0.0,0.1
2024-07-17 15:03:38.371585,655.32,0.06,0.0,0.1
2024-07-17 15:03:41.375614,655.32,0.06,0.0,0.11
2024-07-17 15:03:44.379089,655.32,0.05,0.0,0.1
2024-07-17 15:03:47.382763,655.32,0.04,0.0,0.09
2024-07-17 15:03:50.387200,655.31,0.05,0.0,0.1
2024-07-17 15:03:53.390047,655.31,0.04,0.0,0.09
2024-07-17 15:03:56.395270,655.32,0.04,0.0,0.08
2024-07-17 15:03:59.400693,655.32,0.05,0.0,0.1
2024-07-17 15:04:02.405431,655.32,0.04,0.0,0.09
2024-07-17 15:04:05.410927,655.31,0.04,0.0,0.09
2024-07-17 15:04:08.415478,655.3,0.06,0.0,0.13
2024-07-17 15:04:11.418892,655.32,0.06,0.0,0.1
2024-07-17 15:04:14.422059,655.32,0.05,0.0,0.1
2024-07-17 15:04:17.425199,655.32,0.05,0.0,0.09
2024-07-17 15:04:20.428648,655.31,0.04,0.0,0.09
2024-07-17 15:04:23.430516,655.31,0.05,0.0,0.11
2024-07-17 15:04:26.432887,655.32,0.04,0.0,0.09
2024-07-17 15:04:29.435833,655.31,0.06,0.0,0.11
2024-07-17 15:04:32.441164,654.52,0.45,655.34,1.3
2024-07-17 15:04:35.446231,655.35,0.09,0.04,0.1
2024-07-17 15:04:38.450336,655.31,0.06,0.0,0.11
2024-07-17 15:04:41.455577,655.32,0.05,0.0,0.1
2024-07-17 15:04:44.460662,655.32,0.05,0.0,0.1
2024-07-17 15:04:47.463517,655.32,0.04,0.0,0.09
2024-07-17 15:04:50.466718,655.31,0.05,0.0,0.1
2024-07-17 15:04:53.470424,655.3,0.04,0.0,0.11
2024-07-17 15:04:56.476759,655.31,0.05,0.0,0.1
2024-07-17 15:04:59.479358,655.3,0.05,0.0,0.12
2024-07-17 15:05:02.482902,655.32,0.05,0.0,0.1
2024-07-17 15:05:05.487477,655.31,0.06,0.0,0.11
2024-07-17 15:05:08.491485,655.29,0.05,0.0,0.12
2024-07-17 15:05:11.495574,655.29,0.04,655.35,0.12
2024-07-17 15:05:14.499853,655.31,0.05,0.0,0.1
2024-07-17 15:05:17.504697,655.3,0.04,0.0,0.1
2024-07-17 15:05:20.507643,655.31,0.06,0.0,0.11
2024-07-17 15:05:23.511058,655.32,0.06,0.0,0.1
2024-07-17 15:05:26.517599,655.32,0.06,0.0,0.11
2024-07-17 15:05:29.519239,655.32,0.05,0.0,0.1
2024-07-17 15:05:32.521529,655.31,0.05,0.0,0.1
2024-07-17 15:05:35.525263,655.32,0.05,0.0,0.1
2024-07-17 15:05:38.530326,655.31,0.05,0.0,0.1
2024-07-17 15:05:41.534575,655.32,0.04,0.0,0.09
2024-07-17 15:05:44.541521,655.32,0.05,0.0,0.09
2024-07-17 15:05:47.543388,655.32,0.04,0.0,0.09
2024-07-17 15:05:50.549126,655.32,0.05,0.0,0.1
2024-07-17 15:05:53.552189,655.32,0.04,0.0,0.09
2024-07-17 15:05:56.554686,655.32,0.05,0.0,0.1
2024-07-17 15:05:59.560483,655.32,0.04,0.0,0.09
2024-07-17 15:06:02.564002,655.27,0.08,655.35,0.18
2024-07-17 15:06:05.567923,655.32,0.04,0.0,0.09
2024-07-17 15:06:08.571376,655.32,0.04,0.0,0.09
2024-07-17 15:06:11.574468,655.31,0.05,0.0,0.1
2024-07-17 15:06:14.577427,655.32,0.05,0.0,0.1
2024-07-17 15:06:17.580379,655.33,0.04,0.0,0.08
2024-07-17 15:06:20.584163,655.31,0.05,0.0,0.1
2024-07-17 15:06:23.592248,655.3,0.07,0.0,0.13
2024-07-17 15:06:26.594227,655.32,0.05,0.0,0.1
2024-07-17 15:06:29.603240,655.32,0.05,0.0,0.1
2024-07-17 15:06:32.607775,655.32,0.05,0.0,0.09
2024-07-17 15:06:35.611909,655.32,0.05,0.0,0.1
2024-07-17 15:06:38.615249,655.32,0.05,0.0,0.09
2024-07-17 15:06:41.619437,655.31,0.05,0.0,0.11
2024-07-17 15:06:44.623162,655.31,0.05,0.0,0.1
2024-07-17 15:06:47.626197,655.32,0.05,0.0,0.1
2024-07-17 15:06:50.630117,655.31,0.05,0.0,0.1
2024-07-17 15:06:53.635348,655.32,0.04,0.0,0.09
2024-07-17 15:06:56.637660,655.32,0.05,0.0,0.09
2024-07-17 15:06:59.643198,655.32,0.05,0.0,0.1
2024-07-17 15:07:02.646582,655.3,0.07,0.0,0.14
2024-07-17 15:07:05.649901,655.3,0.06,0.0,0.12
2024-07-17 15:07:08.652672,655.32,0.05,0.0,0.1
2024-07-17 15:07:11.655369,655.27,0.08,0.0,0.18
2024-07-17 15:07:14.657828,655.3,0.08,0.01,0.14
2024-07-17 15:07:17.660670,655.32,0.06,0.0,0.11
2024-07-17 15:07:20.662920,655.32,0.06,0.01,0.11
2024-07-17 15:07:23.668940,655.31,0.04,0.0,0.1
2024-07-17 15:07:26.672952,655.32,0.04,0.0,0.09
2024-07-17 15:07:29.675854,655.29,0.06,0.0,0.14
2024-07-17 15:07:32.679837,655.32,0.05,0.0,0.09
2024-07-17 15:07:35.684148,655.3,0.06,0.0,0.12
2024-07-17 15:07:38.686913,655.29,0.05,0.0,0.13
2024-07-17 15:07:41.689943,655.31,0.04,0.0,0.1
2024-07-17 15:07:44.694408,655.3,0.05,0.0,0.11
2024-07-17 15:07:47.706304,655.32,0.05,0.0,0.1
2024-07-17 15:07:50.709974,655.32,0.05,0.0,0.1
2024-07-17 15:07:53.712288,655.32,0.04,0.0,0.08
2024-07-17 15:07:56.714342,655.32,0.04,0.0,0.09
2024-07-17 15:07:59.717733,655.32,0.04,0.0,0.09
2024-07-17 15:08:02.721330,655.32,0.04,0.0,0.09
2024-07-17 15:08:05.724407,655.31,0.04,0.0,0.1
2024-07-17 15:08:08.726365,655.31,0.04,0.0,0.09
2024-07-17 15:08:11.729684,655.32,0.05,0.0,0.09
2024-07-17 15:08:14.731750,655.31,0.04,0.0,0.09
2024-07-17 15:08:17.735928,655.32,0.05,0.0,0.09
2024-07-17 15:08:20.739525,655.32,0.05,0.0,0.1
2024-07-17 15:08:23.741684,655.32,0.05,0.0,0.09
2024-07-17 15:08:26.745628,655.32,0.04,0.0,0.09
2024-07-17 15:08:29.747940,655.32,0.04,0.0,0.09
2024-07-17 15:08:32.751003,655.32,0.04,0.0,0.09
2024-07-17 15:08:35.753188,655.31,0.05,0.0,0.1
2024-07-17 15:08:38.755925,655.32,0.04,0.0,0.09
2024-07-17 15:08:41.760808,655.32,0.04,0.0,0.09
2024-07-17 15:08:44.762359,655.31,0.05,0.0,0.11
2024-07-17 15:08:47.764816,655.31,0.04,0.0,0.1
2024-07-17 15:08:50.767968,655.31,0.04,0.0,0.09
2024-07-17 15:08:53.771113,655.32,0.04,0.0,0.09
2024-07-17 15:08:56.774186,655.31,0.05,0.0,0.1
2024-07-17 15:08:59.776791,655.32,0.04,0.0,0.09
2024-07-17 15:09:02.788319,655.32,0.04,0.0,0.09
2024-07-17 15:09:05.791173,655.32,0.05,0.0,0.09
2024-07-17 15:09:08.793749,655.32,0.04,0.0,0.09
2024-07-17 15:09:11.797559,655.31,0.04,0.0,0.09
2024-07-17 15:09:14.800011,655.32,0.04,0.0,0.09
2024-07-17 15:09:17.803827,655.32,0.06,0.0,0.11
2024-07-17 15:09:20.807812,655.32,0.05,0.0,0.1
2024-07-17 15:09:23.810905,655.33,0.05,0.0,0.09
2024-07-17 15:09:26.813033,655.32,0.04,0.0,0.09
2024-07-17 15:09:29.819086,655.32,0.05,0.0,0.09
2024-07-17 15:09:32.822578,655.32,0.04,0.0,0.09
2024-07-17 15:09:35.826509,655.32,0.04,0.0,0.09
2024-07-17 15:09:38.830301,655.31,0.05,0.0,0.1
2024-07-17 15:09:41.834081,655.31,0.05,0.0,0.1
2024-07-17 15:09:44.843887,655.32,0.04,0.0,0.09
2024-07-17 15:09:47.846204,655.31,0.05,0.0,0.1
2024-07-17 15:09:50.849275,655.31,0.05,0.0,0.1
2024-07-17 15:09:53.853382,655.32,0.04,0.0,0.08
2024-07-17 15:09:56.856384,655.31,0.05,0.0,0.1
2024-07-17 15:09:59.858705,655.32,0.05,0.0,0.09
2024-07-17 15:10:02.862757,655.32,0.05,0.0,0.09
2024-07-17 15:10:05.866943,655.32,0.05,0.0,0.1
2024-07-17 15:10:08.869824,655.32,0.04,0.0,0.09
2024-07-17 15:10:11.872589,655.32,0.05,0.0,0.09
2024-07-17 15:10:14.875478,655.32,0.05,0.0,0.1
2024-07-17 15:10:17.877330,655.31,0.05,0.0,0.1
2024-07-17 15:10:20.881097,655.32,0.05,0.0,0.09
2024-07-17 15:10:23.883906,655.32,0.05,0.0,0.1
2024-07-17 15:10:26.886021,655.31,0.05,0.0,0.1
2024-07-17 15:10:29.890804,655.32,0.04,0.0,0.09
2024-07-17 15:10:32.894044,655.31,0.05,0.0,0.1
2024-07-17 15:10:35.903606,655.32,0.05,0.0,0.1
2024-07-17 15:10:38.904342,655.32,0.05,0.0,0.09
2024-07-17 15:10:41.907084,655.32,0.05,0.0,0.09
2024-07-17 15:10:44.909570,655.32,0.04,0.0,0.08
2024-07-17 15:10:47.911489,655.32,0.04,0.0,0.09
2024-07-17 15:10:50.913033,655.32,0.04,0.0,0.08
2024-07-17 15:10:53.915732,655.32,0.04,0.0,0.08
2024-07-17 15:10:56.918175,655.32,0.05,0.0,0.09
2024-07-17 15:10:59.926246,655.32,0.04,0.0,0.09
2024-07-17 15:11:02.928330,655.32,0.04,0.0,0.09
2024-07-17 15:11:05.929781,655.32,0.05,0.0,0.1
2024-07-17 15:11:08.933216,655.32,0.04,0.0,0.09
2024-07-17 15:11:11.936283,655.32,0.05,0.0,0.1
2024-07-17 15:11:14.938276,655.32,0.05,0.0,0.1
2024-07-17 15:11:17.941469,655.32,0.05,0.0,0.09
2024-07-17 15:11:20.943981,655.31,0.04,0.0,0.09
2024-07-17 15:11:23.946798,655.32,0.04,0.0,0.09
2024-07-17 15:11:26.950545,655.32,0.05,0.0,0.09
2024-07-17 15:11:29.952727,655.31,0.04,0.0,0.1
2024-07-17 15:11:32.955227,655.31,0.05,0.0,0.1
2024-07-17 15:11:35.961339,655.31,0.05,0.0,0.1
2024-07-17 15:11:38.969948,655.32,0.05,0.0,0.1
2024-07-17 15:11:41.972503,655.31,0.05,0.0,0.1
2024-07-17 15:11:44.976552,655.31,0.04,0.0,0.1
2024-07-17 15:11:47.982176,655.32,0.04,0.0,0.09
2024-07-17 15:11:50.985243,655.31,0.04,0.0,0.09
2024-07-17 15:11:53.988609,655.32,0.05,0.0,0.1
2024-07-17 15:11:56.991647,655.32,0.04,0.0,0.09
2024-07-17 15:11:59.994418,655.31,0.04,0.0,0.09
2024-07-17 15:12:02.997927,655.32,0.04,0.0,0.09
2024-07-17 15:12:06.004748,655.32,0.04,0.0,0.09
2024-07-17 15:12:09.008743,655.32,0.05,0.0,0.1
2024-07-17 15:12:12.015113,655.32,0.04,0.0,0.09
2024-07-17 15:12:15.019216,655.32,0.04,0.0,0.08
2024-07-17 15:12:18.022839,655.32,0.05,0.0,0.09
2024-07-17 15:12:21.025136,655.32,0.04,0.0,0.09
2024-07-17 15:12:24.028033,655.32,0.05,0.0,0.09
2024-07-17 15:12:27.037115,655.32,0.04,0.0,0.09
2024-07-17 15:12:30.041066,655.32,0.04,0.0,0.08
2024-07-17 15:12:33.043306,655.32,0.04,0.0,0.09
2024-07-17 15:12:36.045859,655.32,0.04,0.0,0.09
2024-07-17 15:12:39.049817,655.32,0.04,0.0,0.09
2024-07-17 15:12:42.053847,655.32,0.05,0.0,0.1
2024-07-17 15:12:45.056972,655.32,0.05,0.0,0.09
2024-07-17 15:12:48.059480,655.31,0.05,0.0,0.1
2024-07-17 15:12:51.062709,655.32,0.05,0.0,0.1
2024-07-17 15:12:54.064760,655.31,0.04,0.0,0.09
2024-07-17 15:12:57.067478,655.31,0.05,0.0,0.1
2024-07-17 15:13:00.070271,655.31,0.05,0.0,0.1
2024-07-17 15:13:03.072704,655.32,0.05,0.0,0.1
2024-07-17 15:13:06.075344,655.31,0.04,0.0,0.1
2024-07-17 15:13:09.080063,655.32,0.04,0.0,0.08
2024-07-17 15:13:12.082945,655.32,0.04,0.0,0.09
2024-07-17 15:13:15.087011,655.32,0.04,0.0,0.09
2024-07-17 15:13:18.091009,655.32,0.04,0.0,0.08
2024-07-17 15:13:21.099161,655.32,0.05,0.0,0.09
2024-07-17 15:13:24.102813,655.32,0.04,0.0,0.09
2024-07-17 15:13:27.105269,655.32,0.04,0.0,0.08
2024-07-17 15:13:30.108582,655.32,0.04,0.0,0.09
2024-07-17 15:13:33.111417,655.32,0.04,0.0,0.09
2024-07-17 15:13:36.115257,655.32,0.04,0.0,0.08
2024-07-17 15:13:39.125152,655.31,0.05,0.0,0.1
2024-07-17 15:13:42.128376,655.32,0.04,0.0,0.09
2024-07-17 15:13:45.135677,655.32,0.04,0.0,0.09
2024-07-17 15:13:48.139337,655.32,0.05,0.0,0.1
2024-07-17 15:13:51.142023,655.32,0.04,0.0,0.09
2024-07-17 15:13:54.145051,655.32,0.04,0.0,0.09
2024-07-17 15:13:57.148170,655.32,0.05,0.0,0.09
2024-07-17 15:14:00.150874,655.31,0.04,0.0,0.09
2024-07-17 15:14:03.166142,655.31,0.05,0.0,0.1
2024-07-17 15:14:06.176224,655.32,0.04,0.0,0.09
2024-07-17 15:14:09.179628,655.32,0.05,0.0,0.1
2024-07-17 15:14:12.183248,655.32,0.05,0.0,0.1
2024-07-17 15:14:15.186488,655.32,0.05,0.0,0.09
2024-07-17 15:14:18.189330,655.31,0.05,0.0,0.1
2024-07-17 15:14:21.192034,655.32,0.05,0.0,0.09
2024-07-17 15:14:24.193321,655.32,0.05,0.0,0.1
2024-07-17 15:14:27.199824,655.31,0.04,0.0,0.09
2024-07-17 15:14:30.203037,655.32,0.04,0.0,0.09
2024-07-17 15:14:33.204835,655.31,0.04,0.0,0.09
2024-07-17 15:14:36.207156,655.32,0.05,0.0,0.09
2024-07-17 15:14:39.212371,655.32,0.04,0.0,0.09
2024-07-17 15:14:42.214583,655.32,0.04,0.0,0.09
2024-07-17 15:14:45.218344,655.32,0.04,0.0,0.09
2024-07-17 15:14:48.227062,655.31,0.04,0.0,0.09
2024-07-17 15:14:51.229696,655.32,0.05,0.0,0.09
2024-07-17 15:14:54.232425,655.31,0.05,0.0,0.1
2024-07-17 15:14:57.235174,655.32,0.05,0.0,0.1
2024-07-17 15:15:00.238257,655.31,0.04,0.0,0.09
2024-07-17 15:15:03.240889,655.32,0.04,0.0,0.09
2024-07-17 15:15:06.249305,655.32,0.05,0.0,0.09
2024-07-17 15:15:09.254169,655.32,0.04,0.0,0.09
2024-07-17 15:15:12.257137,655.32,0.05,0.0,0.09
2024-07-17 15:15:15.268368,655.32,0.04,0.0,0.09
2024-07-17 15:15:18.273065,655.32,0.05,0.0,0.1
2024-07-17 15:15:21.278125,655.32,0.05,0.0,0.1
2024-07-17 15:15:24.279612,655.32,0.05,0.0,0.1
2024-07-17 15:15:27.283857,655.32,0.05,0.0,0.1
2024-07-17 15:15:30.286237,655.32,0.04,0.0,0.09
2024-07-17 15:15:33.287938,655.32,0.05,0.0,0.09
2024-07-17 15:15:36.292550,655.31,0.05,0.0,0.1
2024-07-17 15:15:39.296070,655.32,0.04,0.0,0.09
2024-07-17 15:15:42.298919,655.32,0.05,0.0,0.09
2024-07-17 15:15:45.302136,655.32,0.05,0.0,0.09
2024-07-17 15:15:48.303256,655.32,0.04,0.0,0.09
2024-07-17 15:15:51.307565,655.32,0.04,0.0,0.08
2024-07-17 15:15:54.318948,655.32,0.04,0.0,0.09
2024-07-17 15:15:57.322764,655.32,0.05,0.0,0.1
2024-07-17 15:16:00.324653,655.31,0.05,0.0,0.1
2024-07-17 15:16:03.327992,655.32,0.04,0.0,0.09
2024-07-17 15:16:06.330284,655.32,0.05,0.0,0.09
2024-07-17 15:16:09.332894,655.32,0.04,0.0,0.09
2024-07-17 15:16:12.336393,655.32,0.04,0.0,0.09
2024-07-17 15:16:15.337956,655.32,0.05,0.0,0.09
2024-07-17 15:16:18.340757,655.32,0.05,0.0,0.09
2024-07-17 15:16:21.343203,655.31,0.04,0.0,0.1
2024-07-17 15:16:24.345183,655.32,0.04,0.0,0.09
2024-07-17 15:16:27.347275,655.32,0.04,0.0,0.09
2024-07-17 15:16:30.350718,655.32,0.05,0.0,0.09
2024-07-17 15:16:33.353209,655.31,0.05,0.0,0.1
2024-07-17 15:16:36.354984,655.32,0.04,0.0,0.09
2024-07-17 15:16:39.361361,655.32,0.05,0.0,0.09
2024-07-17 15:16:42.370247,655.32,0.04,0.0,0.09
2024-07-17 15:16:45.371871,655.32,0.05,0.0,0.1
2024-07-17 15:16:48.374477,655.32,0.05,0.0,0.09
2024-07-17 15:16:51.376866,655.31,0.04,0.0,0.09
2024-07-17 15:16:54.380182,655.32,0.05,0.0,0.09
2024-07-17 15:16:57.382364,655.31,0.05,0.0,0.1
2024-07-17 15:17:00.385664,655.31,0.05,0.0,0.1
2024-07-17 15:17:03.387429,655.32,0.04,0.0,0.09
2024-07-17 15:17:06.390391,655.32,0.05,0.0,0.09
2024-07-17 15:17:09.392918,655.32,0.04,0.0,0.09
2024-07-17 15:17:12.394726,655.32,0.05,0.0,0.09
2024-07-17 15:17:15.398321,655.32,0.04,0.0,0.09
2024-07-17 15:17:18.404119,655.31,0.04,0.0,0.09
2024-07-17 15:17:21.407508,655.32,0.04,0.0,0.09
2024-07-17 15:17:24.409668,655.32,0.04,0.0,0.08
2024-07-17 15:17:27.411119,655.32,0.04,0.0,0.09
2024-07-17 15:17:30.414111,655.32,0.04,0.0,0.09
2024-07-17 15:17:33.417337,655.31,0.05,0.0,0.1
2024-07-17 15:17:36.419400,655.32,0.04,0.0,0.09
2024-07-17 15:17:39.421664,655.32,0.04,0.0,0.09
2024-07-17 15:17:42.425352,655.31,0.05,0.0,0.1
2024-07-17 15:17:45.428083,655.32,0.04,0.0,0.08
2024-07-17 15:17:48.432883,655.32,0.05,0.0,0.09
2024-07-17 15:17:51.436038,655.32,0.05,0.0,0.1
2024-07-17 15:17:54.437859,655.32,0.05,0.0,0.1
2024-07-17 15:17:57.439816,655.32,0.05,0.0,0.1
2024-07-17 15:18:00.442482,655.33,0.04,0.0,0.08
2024-07-17 15:18:03.446361,655.31,0.04,0.0,0.09
2024-07-17 15:18:06.453082,655.32,0.04,0.0,0.09
2024-07-17 15:18:09.455989,655.32,0.04,0.0,0.09
2024-07-17 15:18:12.457946,655.32,0.05,0.0,0.09
2024-07-17 15:18:15.460184,655.32,0.05,0.0,0.09
2024-07-17 15:18:18.463782,655.33,0.04,0.0,0.08
2024-07-17 15:18:21.471124,655.31,0.05,0.0,0.1
2024-07-17 15:18:24.472806,655.32,0.05,0.0,0.09
2024-07-17 15:18:27.474929,655.32,0.05,0.0,0.1
2024-07-17 15:18:30.477545,655.31,0.05,0.0,0.1
2024-07-17 15:18:33.479953,655.32,0.04,0.0,0.09
2024-07-17 15:18:36.481527,655.32,0.04,0.0,0.09
2024-07-17 15:18:39.484403,655.32,0.05,0.0,0.1
2024-07-17 15:18:42.485952,655.32,0.04,0.0,0.09
2024-07-17 15:18:45.489683,655.32,0.04,0.0,0.09
2024-07-17 15:18:48.493944,655.32,0.04,0.0,0.08
2024-07-17 15:18:51.497374,655.32,0.04,0.0,0.09
2024-07-17 15:18:54.501078,655.32,0.04,0.0,0.09
2024-07-17 15:18:57.502858,655.32,0.04,0.0,0.09
2024-07-17 15:19:00.511138,655.32,0.05,0.0,0.1
2024-07-17 15:19:03.514730,655.32,0.05,0.0,0.09
2024-07-17 15:19:06.518975,655.32,0.05,0.0,0.1
2024-07-17 15:19:09.519947,655.31,0.04,0.0,0.09
2024-07-17 15:19:12.522544,655.32,0.04,0.0,0.09
2024-07-17 15:19:15.525393,655.32,0.05,0.0,0.09
2024-07-17 15:19:18.527637,655.31,0.05,0.0,0.1
2024-07-17 15:19:21.530442,655.32,0.04,0.0,0.08
2024-07-17 15:19:24.533259,655.31,0.05,0.0,0.1
2024-07-17 15:19:27.534468,655.32,0.04,0.0,0.09
2024-07-17 15:19:30.537171,655.32,0.05,0.0,0.09
2024-07-17 15:19:33.539943,655.32,0.04,0.0,0.09
2024-07-17 15:19:36.541479,655.32,0.04,0.0,0.09
2024-07-17 15:19:39.543459,655.32,0.04,0.0,0.09
2024-07-17 15:19:42.546145,655.32,0.05,0.0,0.09
2024-07-17 15:19:45.551756,655.32,0.04,0.0,0.09
2024-07-17 15:19:48.555825,655.31,0.05,0.0,0.1
2024-07-17 15:19:51.558349,655.32,0.05,0.0,0.09
2024-07-17 15:19:54.566113,655.32,0.05,0.0,0.1
2024-07-17 15:19:57.568825,655.31,0.04,0.0,0.09
2024-07-17 15:20:00.571097,655.32,0.05,0.0,0.1
2024-07-17 15:20:03.573701,655.32,0.05,0.0,0.09
2024-07-17 15:20:06.576574,655.32,0.05,0.0,0.09
2024-07-17 15:20:09.578860,655.32,0.05,0.0,0.09
2024-07-17 15:20:12.580688,655.31,0.04,0.0,0.09
2024-07-17 15:20:15.583229,655.32,0.04,0.0,0.09
2024-07-17 15:20:18.585548,655.31,0.05,0.0,0.1
2024-07-17 15:20:21.591402,655.32,0.05,0.0,0.1
2024-07-17 15:20:24.593522,655.32,0.04,0.0,0.08
2024-07-17 15:20:27.595638,655.31,0.05,0.0,0.1
2024-07-17 15:20:30.597363,655.32,0.05,0.0,0.09
2024-07-17 15:20:33.599606,655.32,0.04,0.0,0.09
2024-07-17 15:20:36.603076,655.33,0.05,0.0,0.09
2024-07-17 15:20:39.605787,655.32,0.04,0.0,0.09
2024-07-17 15:20:42.612219,655.32,0.05,0.0,0.09
2024-07-17 15:20:45.615191,655.32,0.04,0.0,0.09
2024-07-17 15:20:48.618001,655.32,0.05,0.0,0.1
2024-07-17 15:20:51.621134,655.31,0.05,0.0,0.1
2024-07-17 15:20:54.624411,655.31,0.04,0.0,0.1
2024-07-17 15:20:57.628329,655.32,0.04,0.0,0.09
2024-07-17 15:21:00.635677,655.32,0.04,0.0,0.09
2024-07-17 15:21:03.636962,655.31,0.05,0.0,0.1
2024-07-17 15:21:06.639239,655.32,0.04,0.0,0.08
2024-07-17 15:21:09.642050,655.32,0.05,0.0,0.1
2024-07-17 15:21:12.643505,655.31,0.04,0.0,0.1
2024-07-17 15:21:15.646899,655.32,0.04,0.0,0.09
2024-07-17 15:21:18.651287,655.31,0.05,0.0,0.1
2024-07-17 15:21:21.653876,655.31,0.04,0.0,0.09
2024-07-17 15:21:24.656188,655.31,0.04,0.0,0.09
2024-07-17 15:21:27.659198,655.32,0.04,0.0,0.09
2024-07-17 15:21:30.662476,655.32,0.05,0.0,0.09
2024-07-17 15:21:33.664783,655.32,0.05,0.0,0.09
2024-07-17 15:21:36.667250,655.32,0.05,0.0,0.1
2024-07-17 15:21:39.669228,655.32,0.04,0.0,0.09
2024-07-17 15:21:42.671809,655.32,0.05,0.0,0.09
2024-07-17 15:21:45.674426,655.31,0.05,0.0,0.1
2024-07-17 15:21:48.677910,655.32,0.04,0.0,0.08
2024-07-17 15:21:51.681550,655.32,0.05,0.0,0.09
2024-07-17 15:21:54.683941,655.31,0.05,0.0,0.1
2024-07-17 15:21:57.688069,655.31,0.05,0.0,0.1
2024-07-17 15:22:00.690816,655.32,0.05,0.0,0.09
2024-07-17 15:22:03.694653,655.31,0.05,0.0,0.1
2024-07-17 15:22:06.696540,655.32,0.05,0.0,0.1
2024-07-17 15:22:09.698646,655.32,0.04,0.0,0.09
2024-07-17 15:22:12.701126,655.32,0.05,0.0,0.09
2024-07-17 15:22:15.704640,655.32,0.05,0.0,0.1
2024-07-17 15:22:18.706773,655.32,0.04,0.0,0.09
2024-07-17 15:22:21.708988,655.31,0.05,0.0,0.1
2024-07-17 15:22:24.710786,655.32,0.04,0.0,0.09
2024-07-17 15:22:27.715435,655.31,0.05,0.0,0.1
2024-07-17 15:22:30.718024,655.32,0.05,0.0,0.09
2024-07-17 15:22:33.721224,655.32,0.04,0.0,0.09
2024-07-17 15:22:36.724023,655.32,0.04,0.0,0.09
2024-07-17 15:22:39.726780,655.32,0.04,0.0,0.09
2024-07-17 15:22:42.729548,655.32,0.04,0.0,0.08
2024-07-17 15:22:45.732938,655.32,0.05,0.0,0.09
2024-07-17 15:22:48.734748,655.32,0.04,0.0,0.09
2024-07-17 15:22:51.736679,655.32,0.05,0.0,0.09
2024-07-17 15:22:54.739266,655.32,0.04,0.0,0.08
2024-07-17 15:22:57.741555,655.31,0.04,0.0,0.09
2024-07-17 15:23:00.744823,655.31,0.04,0.0,0.1
2024-07-17 15:23:03.747399,655.32,0.04,0.0,0.08
2024-07-17 15:23:06.750303,655.31,0.04,0.0,0.09
2024-07-17 15:23:09.752847,655.31,0.04,0.0,0.1
2024-07-17 15:23:12.755795,655.32,0.05,0.0,0.09
2024-07-17 15:23:15.758119,655.32,0.05,0.0,0.09
2024-07-17 15:23:18.760022,655.32,0.05,0.0,0.1
2024-07-17 15:23:21.762257,655.32,0.05,0.0,0.09
2024-07-17 15:23:24.765168,655.32,0.04,0.0,0.08
2024-07-17 15:23:27.767607,655.32,0.05,0.0,0.09
2024-07-17 15:23:30.770288,655.32,0.05,0.0,0.1
2024-07-17 15:23:33.773357,655.32,0.04,0.0,0.09
2024-07-17 15:23:36.775594,655.32,0.04,0.0,0.09
2024-07-17 15:23:39.777948,655.32,0.04,0.0,0.08
2024-07-17 15:23:42.779653,655.32,0.05,0.0,0.09
2024-07-17 15:23:45.782199,655.32,0.04,0.0,0.08
2024-07-17 15:23:48.783377,655.32,0.04,0.0,0.09
2024-07-17 15:23:51.786503,655.31,0.04,0.0,0.09
2024-07-17 15:23:54.789685,655.32,0.04,0.0,0.09
2024-07-17 15:23:57.792946,655.31,0.04,0.0,0.09
2024-07-17 15:24:00.795680,655.32,0.04,0.0,0.09
2024-07-17 15:24:03.799008,655.32,0.05,0.0,0.1
2024-07-17 15:24:06.801379,655.32,0.04,0.0,0.09
2024-07-17 15:24:09.805160,655.32,0.04,0.0,0.09
2024-07-17 15:24:12.807687,655.32,0.05,0.0,0.1
2024-07-17 15:24:15.809738,655.32,0.05,0.0,0.1
2024-07-17 15:24:18.811612,655.32,0.04,0.0,0.09
2024-07-17 15:24:21.813353,655.32,0.05,0.0,0.09
2024-07-17 15:24:24.815088,655.31,0.04,0.0,0.09
2024-07-17 15:24:27.817584,655.31,0.04,0.0,0.09
2024-07-17 15:24:30.819591,655.32,0.05,0.0,0.09
2024-07-17 15:24:33.821992,655.32,0.04,0.0,0.08
2024-07-17 15:24:36.824653,655.32,0.04,0.0,0.09
2024-07-17 15:24:39.826543,655.32,0.05,0.0,0.09
2024-07-17 15:24:42.828925,655.31,0.04,0.0,0.09
2024-07-17 15:24:45.832068,655.32,0.05,0.0,0.09
2024-07-17 15:24:48.835501,655.32,0.04,0.0,0.09
2024-07-17 15:24:51.837439,655.32,0.04,0.0,0.09
2024-07-17 15:24:54.846735,655.32,0.04,0.0,0.08
2024-07-17 15:24:57.848939,655.31,0.05,0.0,0.1
2024-07-17 15:25:00.850302,655.32,0.04,0.0,0.09
2024-07-17 15:25:03.853263,655.32,0.04,0.0,0.09
2024-07-17 15:25:06.858285,655.32,0.05,0.0,0.09
2024-07-17 15:25:09.860636,655.31,0.05,0.0,0.11
2024-07-17 15:25:12.865500,655.32,0.04,0.0,0.09
2024-07-17 15:25:15.868051,655.31,0.05,0.0,0.1
2024-07-17 15:25:18.870947,655.32,0.04,0.0,0.08
2024-07-17 15:25:21.877496,655.32,0.04,0.0,0.09
2024-07-17 15:25:24.879648,655.32,0.04,0.0,0.09
2024-07-17 15:25:27.882659,655.31,0.05,0.0,0.11
2024-07-17 15:25:30.887349,655.31,0.04,0.0,0.1
2024-07-17 15:25:33.889694,655.32,0.05,0.0,0.09
2024-07-17 15:25:36.892253,655.32,0.04,0.0,0.08
2024-07-17 15:25:39.894876,655.32,0.04,0.0,0.09
2024-07-17 15:25:42.897327,655.32,0.04,0.0,0.09
2024-07-17 15:25:45.900442,655.31,0.05,0.0,0.11
2024-07-17 15:25:48.902322,655.31,0.05,0.0,0.1
2024-07-17 15:25:51.904367,655.32,0.04,0.0,0.09
2024-07-17 15:25:54.906746,655.32,0.04,0.0,0.09
2024-07-17 15:25:57.909019,655.32,0.04,0.0,0.09
2024-07-17 15:26:00.912177,655.32,0.04,0.0,0.09
2024-07-17 15:26:03.915024,655.32,0.05,0.0,0.1
2024-07-17 15:26:06.916630,655.33,0.04,0.0,0.08
2024-07-17 15:26:09.919291,655.32,0.05,0.0,0.09
2024-07-17 15:26:12.921340,655.06,0.19,0.0,0.49
2024-07-17 15:26:15.923228,655.29,0.06,0.0,0.14
2024-07-17 15:26:18.926232,655.31,0.05,0.0,0.1
2024-07-17 15:26:21.939497,655.32,0.04,0.0,0.09
2024-07-17 15:26:24.944604,655.32,0.06,0.0,0.1
2024-07-17 15:26:27.949252,655.31,0.05,0.0,0.1
2024-07-17 15:26:30.954434,655.31,0.05,0.0,0.1
2024-07-17 15:26:33.957709,655.3,0.04,0.0,0.1
2024-07-17 15:26:36.963989,655.32,0.05,0.0,0.1
2024-07-17 15:26:39.966941,655.31,0.05,0.0,0.1
2024-07-17 15:26:42.977461,655.31,0.04,0.0,0.09
2024-07-17 15:26:45.979540,655.32,0.05,0.0,0.1
2024-07-17 15:26:48.980928,655.31,0.05,0.0,0.11
2024-07-17 15:26:51.984039,655.32,0.05,0.0,0.09
2024-07-17 15:26:55.001083,655.26,0.07,655.35,0.18
2024-07-17 15:26:58.034944,655.31,0.05,0.0,0.1
2024-07-17 15:27:01.040264,655.31,0.05,0.0,0.1
2024-07-17 15:27:04.043722,655.32,0.04,0.0,0.09
2024-07-17 15:27:07.046873,655.32,0.05,0.0,0.09
2024-07-17 15:27:10.051913,655.32,0.06,0.0,0.1
2024-07-17 15:27:13.054440,655.32,0.05,0.0,0.09
2024-07-17 15:27:16.057123,655.32,0.04,0.0,0.09
2024-07-17 15:27:19.059031,655.31,0.05,0.0,0.1
2024-07-17 15:27:22.061353,655.32,0.05,0.0,0.1
2024-07-17 15:27:25.066022,655.32,0.05,0.0,0.09
2024-07-17 15:27:28.072507,655.31,0.04,0.0,0.09
2024-07-17 16:02:51.610147,655.29,0.06,0.0,0.14
2024-07-17 16:02:54.620225,653.42,1.92,0.27,3.86
2024-07-17 16:02:57.624200,653.65,1.47,0.48,3.18
2024-07-17 16:03:00.626976,654.82,0.08,655.14,0.63
2024-07-17 16:03:03.632149,0.11,0.48,0.33,0.36
2024-07-17 16:03:06.638399,653.32,9.68,0.0,11.73
2024-07-17 16:03:09.644926,655.3,0.06,0.0,0.13
2024-07-17 16:03:12.648160,653.53,0.27,655.2,2.11
2024-07-17 16:03:15.653936,654.85,2.11,0.09,2.63
2024-07-17 16:03:18.659732,655.3,0.06,0.0,0.13
2024-07-17 16:03:21.677754,655.3,0.05,0.0,0.11
2024-07-17 16:03:24.700709,654.71,0.2,655.14,0.86
2024-07-17 16:03:27.704588,655.29,0.05,0.0,0.12
2024-07-17 16:03:30.707727,655.31,0.06,0.0,0.12
2024-07-17 16:03:33.718541,655.21,0.48,0.24,0.64
2024-07-17 16:03:36.721720,654.79,0.2,655.3,0.77
2024-07-17 16:03:39.723701,655.3,0.05,0.0,0.12
2024-07-17 16:03:42.728517,655.3,0.05,0.0,0.12
2024-07-17 16:03:45.730968,655.31,0.06,0.0,0.11
2024-07-17 16:03:48.737555,655.25,0.06,655.33,0.18
2024-07-17 16:03:51.742342,655.27,0.09,655.35,0.19
2024-07-17 16:03:54.745932,654.99,0.33,655.33,0.7
2024-07-17 16:03:57.750300,655.3,0.06,0.0,0.12
2024-07-17 16:04:00.752761,655.3,0.06,0.0,0.12
2024-07-17 16:04:03.757130,655.31,0.21,0.1,0.27
2024-07-17 16:04:06.761641,655.34,0.11,0.03,0.14
2024-07-17 16:04:09.765479,654.56,0.74,655.32,1.55
2024-07-17 16:04:12.769371,653.48,655.15,654.23,1.67
2024-07-17 16:04:15.771875,655.31,0.12,0.03,0.17
2024-07-17 16:04:18.777213,655.33,0.11,0.03,0.14
2024-07-17 16:04:21.780868,655.3,0.05,0.0,0.11
2024-07-17 16:04:24.784949,653.69,0.97,655.31,2.65
2024-07-17 16:04:27.787567,654.17,0.42,655.01,1.62
2024-07-17 16:04:30.792890,654.57,1.15,0.21,1.95
2024-07-17 16:04:33.797517,655.29,0.06,0.0,0.13
2024-07-17 16:04:36.800365,655.04,0.2,655.35,0.52
2024-07-17 16:04:39.804029,653.67,0.42,654.76,2.11
2024-07-17 16:04:42.807830,654.59,0.51,655.27,1.28
2024-07-17 16:04:45.810324,653.25,5.55,0.33,7.66
2024-07-17 16:04:48.812728,654.89,0.56,0.02,1.04
2024-07-17 16:04:51.815871,654.83,0.37,655.33,0.91
2024-07-17 16:04:54.819357,653.44,9.99,1.04,11.92
2024-07-17 16:04:57.823978,655.3,0.1,0.0,0.16
2024-07-17 16:05:00.827944,653.29,655.15,654.29,1.85
2024-07-17 16:05:03.831493,653.84,0.24,655.08,1.77
2024-07-17 16:05:06.835203,654.51,0.3,654.9,1.15
2024-07-17 16:05:09.840242,654.84,0.01,655.09,0.53
2024-07-17 16:05:12.844061,655.31,0.06,0.0,0.12
2024-07-17 16:05:15.848523,655.3,0.06,0.0,0.13
2024-07-17 16:05:18.851105,655.29,0.09,0.01,0.16
2024-07-17 16:05:21.855029,655.3,0.06,0.0,0.12
2024-07-17 16:05:24.857281,655.2,0.26,0.16,0.43
2024-07-17 16:05:27.859386,653.6,6.95,0.77,8.71
2024-07-17 16:05:30.864338,655.13,2.69,1.49,2.93
2024-07-17 16:05:33.867941,653.68,655.01,654.24,1.33
2024-07-17 16:05:36.871143,655.15,0.15,655.33,0.37
2024-07-17 16:05:39.874578,653.91,0.17,655.06,1.62
2024-07-17 16:05:42.878447,655.21,0.47,0.17,0.62
2024-07-17 16:05:45.880503,654.66,2.23,0.12,2.93
2024-07-17 16:05:48.883086,655.12,0.11,655.35,0.36
2024-07-17 16:05:51.885607,654.05,655.15,654.63,1.1
2024-07-17 16:05:54.887272,653.5,5.18,0.18,7.05
2024-07-17 16:05:57.889216,655.29,0.07,0.0,0.15
2024-07-17 16:06:00.891356,655.31,0.06,0.0,0.12
2024-07-17 16:06:03.896451,654.18,5.37,655.28,6.56
2024-07-17 16:06:06.899220,654.29,1.92,655.14,3.0
2024-07-17 16:06:09.902569,655.26,0.34,0.14,0.44
2024-07-17 16:06:12.906798,654.97,0.36,655.15,0.75
2024-07-17 16:06:15.910650,654.84,0.88,0.12,1.41
2024-07-17 16:06:18.915673,654.64,0.04,655.06,0.77
2024-07-17 16:06:21.919261,654.77,0.18,655.17,0.78
2024-07-17 16:06:24.921650,654.72,0.1,654.95,0.74
2024-07-17 16:06:27.924566,655.09,0.11,655.26,0.39
2024-07-17 16:06:30.927984,655.15,0.05,655.28,0.27
2024-07-17 16:06:33.930164,654.69,0.29,655.14,0.96
2024-07-17 16:06:36.934129,654.99,0.27,0.07,0.65
2024-07-17 16:06:39.936795,655.14,0.88,0.42,1.1
2024-07-17 16:06:42.942263,655.31,0.05,0.0,0.11
2024-07-17 16:06:45.946696,655.33,0.3,0.11,0.33
2024-07-17 16:06:48.952631,653.39,2.0,654.45,3.98
2024-07-17 16:06:51.957783,653.9,1.36,655.07,2.82
2024-07-17 16:06:54.960806,655.16,0.14,655.3,0.34
2024-07-17 16:06:57.965812,655.29,0.05,0.0,0.12
2024-07-17 16:07:00.969613,654.3,1.11,0.16,2.18
2024-07-17 16:07:03.972732,653.46,0.62,654.68,2.53
2024-07-17 16:07:06.976201,655.33,0.06,0.01,0.1
2024-07-17 16:07:09.987700,655.33,0.04,0.0,0.08
2024-07-17 16:07:12.990172,655.32,0.04,0.0,0.08
2024-07-17 16:07:15.996538,655.31,0.04,0.0,0.1
2024-07-17 16:07:18.999915,655.32,0.04,0.0,0.09
2024-07-17 16:07:22.005189,655.32,0.04,0.0,0.08
2024-07-17 16:07:25.015713,655.32,0.04,0.0,0.09
2024-07-17 16:07:28.020815,655.32,0.05,0.0,0.1
2024-07-17 16:07:31.023603,655.32,0.04,0.0,0.09
2024-07-17 16:07:34.029140,655.31,0.05,0.0,0.11
2024-07-17 16:07:37.032158,655.32,0.06,0.0,0.1
2024-07-17 16:07:40.036289,655.33,0.05,0.0,0.09
2024-07-17 16:07:43.040052,655.32,0.05,0.0,0.1
2024-07-17 16:07:46.042142,655.31,0.05,0.0,0.1
2024-07-17 16:07:49.057518,655.32,0.05,0.0,0.09
2024-07-17 16:07:52.060345,655.32,0.04,0.0,0.08
2024-07-17 16:07:55.064267,655.32,0.05,0.0,0.09
2024-07-17 16:07:58.066932,655.32,0.05,0.0,0.09
2024-07-17 16:08:01.070188,655.31,0.04,0.0,0.09
2024-07-17 16:08:04.074517,655.32,0.04,0.0,0.09
2024-07-17 16:08:07.077637,655.3,0.07,0.0,0.13
2024-07-17 16:08:10.081380,655.31,0.04,0.0,0.09
2024-07-17 16:08:13.085167,655.32,0.04,0.0,0.08
2024-07-17 16:08:16.088509,655.31,0.04,0.0,0.1
2024-07-17 16:08:19.090322,655.31,0.08,0.0,0.13
2024-07-17 16:08:22.092522,655.31,0.07,0.0,0.12
2024-07-17 16:08:25.099465,655.26,0.11,0.02,0.21
2024-07-17 16:08:28.102122,655.31,0.05,0.0,0.1
2024-07-17 16:08:31.103992,655.32,0.05,0.0,0.09
2024-07-17 16:08:34.107344,655.32,0.04,0.0,0.09
2024-07-17 16:08:37.109343,655.3,0.12,0.0,0.19
2024-07-17 16:08:40.113135,655.29,0.07,0.0,0.14
2024-07-17 16:08:43.117866,655.32,0.06,0.01,0.1
2024-07-17 16:08:46.121318,655.28,0.11,0.0,0.2
2024-07-17 16:08:49.123740,655.32,0.05,0.0,0.1
2024-07-17 16:08:52.127950,655.32,0.06,0.0,0.1
2024-07-17 16:08:55.131145,655.31,0.06,0.0,0.11
2024-07-17 16:08:58.135016,655.32,0.04,0.0,0.09
2024-07-17 16:09:01.137482,655.32,0.06,0.0,0.11
2024-07-17 16:09:04.138962,655.32,0.05,0.0,0.1
2024-07-17 16:09:07.143984,655.32,0.05,0.0,0.09
2024-07-17 16:09:10.149673,655.32,0.04,0.0,0.09
2024-07-17 16:09:13.153268,655.31,0.05,0.0,0.11
2024-07-17 16:09:16.155473,655.32,0.04,0.0,0.09
2024-07-17 16:09:19.159788,654.86,0.54,0.0,1.04
2024-07-17 16:09:22.165391,655.32,0.05,0.0,0.09
2024-07-17 16:09:25.170104,655.32,0.04,0.0,0.09
2024-07-17 16:09:28.174667,655.25,0.13,0.0,0.25
2024-07-17 16:09:31.177760,655.03,0.66,0.0,0.99
2024-07-17 16:09:34.180467,655.32,0.05,0.0,0.09
2024-07-17 16:09:37.184160,655.3,0.07,0.0,0.14
2024-07-17 16:09:40.187703,655.29,0.07,0.0,0.14
2024-07-17 16:09:43.190852,655.32,0.05,0.0,0.09
2024-07-17 16:09:46.193142,655.32,0.04,0.0,0.08
2024-07-17 16:09:49.195061,655.3,0.05,0.0,0.11
2024-07-17 16:09:52.197896,655.25,0.12,0.0,0.24
2024-07-17 16:09:55.202300,655.31,0.05,0.0,0.1
2024-07-17 16:09:58.207665,655.32,0.05,0.0,0.09
2024-07-17 16:10:01.211965,655.32,0.04,0.0,0.09
2024-07-17 16:10:04.214576,655.32,0.04,0.0,0.08
2024-07-17 16:10:07.218208,655.32,0.05,0.0,0.09
2024-07-17 16:10:10.222302,655.31,0.06,0.0,0.11
2024-07-17 16:10:13.224828,655.31,0.07,0.0,0.13
2024-07-17 16:10:16.244975,655.31,0.05,0.0,0.1
2024-07-17 16:10:19.252746,655.31,0.06,0.0,0.11
2024-07-17 16:10:22.255767,655.19,0.15,0.0,0.33
2024-07-17 16:10:25.264276,655.32,0.05,0.0,0.09
2024-07-17 16:10:28.267996,655.17,0.25,0.0,0.45
2024-07-17 16:10:31.274008,653.35,6.65,0.02,8.66
2024-07-17 16:10:34.277149,653.62,1.19,655.23,2.94
2024-07-17 16:10:37.280926,654.9,0.12,655.21,0.58
2024-07-17 16:10:40.287284,655.31,0.04,0.0,0.1
2024-07-17 16:10:43.292454,655.31,0.03,0.0,0.09
2024-07-17 16:10:46.296746,655.32,0.05,0.0,0.1
2024-07-17 16:10:49.301845,655.32,0.04,0.0,0.08
2024-07-17 16:10:52.305089,655.3,0.06,0.0,0.12
2024-07-17 16:10:55.309425,655.3,0.07,0.0,0.13
2024-07-17 16:10:58.311278,655.32,0.04,0.0,0.08
2024-07-17 16:11:01.313542,655.3,0.05,0.0,0.12
2024-07-17 16:11:04.315669,655.3,0.07,0.0,0.13
2024-07-17 16:11:07.319044,655.31,0.06,0.0,0.11
2024-07-17 16:11:10.323300,0.01,0.1,0.05,0.09
2024-07-17 16:11:13.326380,655.32,0.04,0.0,0.09
2024-07-17 16:11:16.330333,655.31,0.04,0.0,0.1
2024-07-17 16:11:19.332705,655.32,0.06,0.0,0.1
2024-07-17 16:11:22.337366,655.3,0.04,0.0,0.11
2024-07-17 16:11:25.340028,655.31,0.04,0.0,0.09
2024-07-17 16:11:28.342893,655.31,0.07,0.0,0.12
2024-07-17 16:11:31.348023,655.32,0.04,0.0,0.09
2024-07-17 16:11:34.352169,655.32,0.04,0.0,0.09
2024-07-17 16:11:37.354820,655.32,0.04,0.0,0.09
2024-07-17 16:11:40.356296,655.31,0.05,0.0,0.1
2024-07-17 16:11:43.360080,655.32,0.04,0.0,0.09
2024-07-17 16:11:46.364427,655.32,0.04,0.0,0.08
2024-07-17 16:11:49.367814,655.32,0.04,0.0,0.08
2024-07-17 16:11:52.370586,655.32,0.04,0.0,0.09
2024-07-17 16:11:55.374341,655.32,0.04,0.0,0.09
2024-07-17 16:11:58.377500,655.32,0.05,0.0,0.09
2024-07-17 16:12:01.381406,655.32,0.05,0.0,0.09
2024-07-17 16:12:04.384799,655.32,0.04,0.0,0.09
2024-07-17 16:12:07.388097,655.32,0.05,0.0,0.09
2024-07-17 16:12:10.393297,655.32,0.04,0.0,0.09
2024-07-17 16:12:13.395560,655.32,0.05,0.0,0.09
2024-07-17 16:12:16.400153,655.32,0.04,0.0,0.08
2024-07-17 16:12:19.403901,655.33,0.04,0.0,0.08
2024-07-17 16:12:22.407653,655.32,0.04,0.0,0.09
2024-07-17 16:12:25.412864,655.33,0.04,0.0,0.08
2024-07-17 16:12:28.417711,655.32,0.05,0.0,0.09
2024-07-17 16:12:31.423048,655.33,0.05,0.0,0.09
2024-07-17 16:12:34.427032,655.32,0.05,0.0,0.09
2024-07-17 16:12:37.431404,655.32,0.04,0.0,0.08
2024-07-17 16:12:40.436050,655.32,0.04,0.0,0.08
2024-07-17 16:12:43.438949,655.32,0.05,0.0,0.1
2024-07-17 16:12:46.443735,655.32,0.04,0.0,0.09
2024-07-17 16:12:49.449651,655.33,0.04,0.0,0.08
2024-07-17 16:12:52.452689,655.32,0.05,0.0,0.09
2024-07-17 16:12:55.456157,655.32,0.04,0.0,0.08
2024-07-17 16:12:58.458597,655.32,0.05,0.0,0.09
2024-07-17 16:13:01.461663,655.31,0.04,0.0,0.09
2024-07-17 16:13:04.465096,655.32,0.04,0.0,0.08
2024-07-17 16:13:07.469242,655.33,0.04,0.0,0.08
2024-07-17 16:13:10.472959,655.32,0.04,0.0,0.08
2024-07-17 16:13:13.475354,655.32,0.04,0.0,0.08
2024-07-17 16:13:16.478714,655.33,0.04,0.0,0.08
2024-07-17 16:13:19.483361,655.32,0.04,0.0,0.09
2024-07-17 16:13:22.488198,655.33,0.04,0.0,0.08
2024-07-17 16:13:25.493242,655.32,0.04,0.0,0.09
2024-07-17 16:13:28.497278,655.31,0.05,0.0,0.1
2024-07-17 16:13:31.501161,655.32,0.05,0.0,0.09
2024-07-17 16:13:34.503274,655.3,0.07,0.01,0.13
2024-07-17 16:13:37.507667,655.31,0.05,0.0,0.1
2024-07-17 16:13:40.511374,655.32,0.04,0.0,0.09
2024-07-17 16:13:43.515195,655.32,0.03,0.0,0.08
2024-07-17 16:13:46.519528,655.32,0.04,0.0,0.09
2024-07-17 16:13:49.525125,655.32,0.04,0.0,0.09
2024-07-17 16:13:52.528889,655.32,0.04,0.0,0.08
2024-07-17 16:13:55.531908,655.32,0.04,0.0,0.09
2024-07-17 16:13:58.534928,655.31,0.04,0.0,0.1
2024-07-17 16:14:01.539045,655.32,0.04,0.0,0.09
2024-07-17 16:14:04.542228,655.27,0.11,0.0,0.21
2024-07-17 16:14:07.545229,655.32,0.04,0.0,0.08
2024-07-17 16:14:10.548932,655.32,0.05,0.0,0.09
2024-07-17 16:14:13.553209,655.29,0.09,0.0,0.16
2024-07-17 16:14:16.556600,655.32,0.07,0.0,0.11
2024-07-17 16:14:19.559653,655.32,0.04,0.0,0.09
2024-07-17 16:14:22.561214,655.29,0.06,0.0,0.13
2024-07-17 16:14:25.563646,655.29,0.08,0.0,0.16
2024-07-17 16:14:28.566999,655.32,0.04,0.0,0.08
2024-07-17 16:14:31.568759,655.32,0.04,0.0,0.08
2024-07-17 16:14:34.573401,655.32,0.04,0.0,0.08
2024-07-17 16:14:37.577293,655.32,0.04,0.0,0.08
2024-07-17 16:14:40.581630,655.31,0.03,0.0,0.09
2024-07-17 16:14:43.584668,655.32,0.04,0.0,0.08
2024-07-17 16:14:46.590246,655.32,0.05,0.0,0.1
2024-07-17 16:14:49.592994,655.32,0.04,0.0,0.09
2024-07-17 16:14:52.598089,655.32,0.04,0.0,0.09
2024-07-17 16:14:55.602671,655.32,0.04,0.0,0.09
2024-07-17 16:14:58.611195,655.31,0.05,0.0,0.1
2024-07-17 16:15:01.614269,655.32,0.05,0.0,0.1
2024-07-17 16:15:04.618592,655.32,0.04,0.0,0.09
2024-07-17 16:15:07.622995,655.32,0.04,0.0,0.08
2024-07-17 16:15:10.626450,655.32,0.04,0.0,0.09
2024-07-17 16:15:13.629256,655.32,0.04,0.0,0.09
2024-07-17 16:15:16.632244,655.31,0.05,0.0,0.1
2024-07-17 16:15:19.637950,655.31,0.05,0.0,0.1
2024-07-17 16:15:22.641722,655.32,0.06,0.01,0.11
2024-07-17 16:15:25.645706,655.31,0.07,0.01,0.13
2024-07-17 16:15:28.649177,655.32,0.05,0.01,0.1
2024-07-17 16:15:31.653145,655.32,0.05,0.0,0.09
2024-07-17 16:15:34.657943,655.31,0.05,0.0,0.1
2024-07-17 16:15:37.661590,655.32,0.05,0.0,0.09
2024-07-17 16:15:40.666599,655.32,0.04,0.0,0.09
2024-07-17 16:15:43.671048,655.32,0.05,0.0,0.09
2024-07-17 16:15:46.675011,655.31,0.04,0.0,0.09
2024-07-17 16:15:49.679537,655.3,0.05,0.0,0.11
2024-07-17 16:15:52.684042,655.29,0.12,0.02,0.2
2024-07-17 16:15:55.686580,655.31,0.05,0.0,0.1
2024-07-17 16:15:58.690110,655.32,0.06,0.0,0.1
2024-07-17 16:16:01.694266,655.32,0.04,0.0,0.09
2024-07-17 16:16:04.715288,655.31,0.04,0.0,0.09
2024-07-17 16:16:07.717492,655.32,0.04,0.0,0.09
2024-07-17 16:16:10.719441,655.29,0.09,0.0,0.16
2024-07-17 16:16:13.745322,655.32,0.05,0.0,0.09
2024-07-17 16:16:16.749887,655.32,0.04,0.0,0.08
2024-07-17 16:16:19.753574,655.32,0.04,0.0,0.09
2024-07-17 16:16:22.765308,655.32,0.04,0.0,0.08
2024-07-17 16:16:25.767754,655.31,0.05,0.0,0.11
2024-07-17 16:16:28.770280,655.32,0.04,0.0,0.09
2024-07-17 16:16:31.775457,655.31,0.05,0.0,0.1
2024-07-17 16:16:34.776883,655.32,0.04,0.0,0.08
2024-07-17 16:16:37.779674,655.31,0.07,0.0,0.12
2024-07-17 16:16:40.782010,655.32,0.05,0.0,0.1
2024-07-17 16:16:43.784401,655.32,0.05,0.0,0.1
2024-07-17 16:16:46.786621,655.3,0.08,0.0,0.14
2024-07-17 16:16:49.788699,655.32,0.04,0.0,0.09
2024-07-17 16:16:52.790722,655.32,0.05,0.0,0.09
2024-07-17 16:16:55.792267,655.32,0.05,0.0,0.09
2024-07-17 16:16:58.808068,655.32,0.05,0.0,0.09
2024-07-17 16:17:01.811740,655.31,0.08,0.0,0.13
2024-07-17 16:17:04.815503,655.32,0.04,0.0,0.09
2024-07-17 16:17:07.818889,655.32,0.04,0.0,0.08
2024-07-17 16:17:10.820826,655.32,0.04,0.0,0.09
2024-07-17 16:17:13.825859,655.31,0.06,0.0,0.12
2024-07-17 16:17:16.828409,655.32,0.04,0.0,0.09
2024-07-17 16:17:19.832719,655.33,0.04,0.0,0.08
2024-07-17 16:17:22.837083,655.32,0.04,0.0,0.09
2024-07-17 16:17:25.839581,655.32,0.04,0.0,0.08
2024-07-17 16:17:28.842676,655.32,0.04,0.0,0.09
2024-07-17 16:17:31.847223,655.32,0.05,0.0,0.09
2024-07-17 16:17:34.851391,655.31,0.04,0.0,0.09
2024-07-17 16:17:37.853875,655.32,0.06,0.0,0.11
2024-07-17 16:17:40.856471,655.31,0.04,0.0,0.09
2024-07-17 16:17:43.860427,655.32,0.04,0.0,0.09
2024-07-17 16:17:46.863472,655.32,0.04,0.0,0.09
2024-07-17 16:17:49.866978,655.32,0.04,0.0,0.08
2024-07-17 16:17:52.871582,655.33,0.04,0.0,0.08
2024-07-17 16:17:55.876857,655.32,0.05,0.0,0.09
2024-07-17 16:17:58.879880,655.33,0.04,0.0,0.08
2024-07-17 16:18:01.884630,655.33,0.04,0.0,0.08
2024-07-17 16:18:04.887848,655.32,0.04,0.0,0.09
2024-07-17 16:18:07.891496,655.32,0.04,0.0,0.08
2024-07-17 16:18:10.895197,655.32,0.05,0.0,0.09
2024-07-17 16:18:13.898635,655.15,0.13,655.32,0.34
2024-07-17 16:18:16.901903,655.32,0.04,0.0,0.09
2024-07-17 16:18:19.937886,655.19,0.33,0.02,0.51
2024-07-17 16:18:22.941855,655.32,0.04,0.0,0.08
2024-07-17 16:18:25.945498,655.32,0.04,0.0,0.08
2024-07-17 16:18:28.947989,655.32,0.05,0.0,0.09
2024-07-17 16:18:31.952787,655.32,0.04,0.0,0.09
2024-07-17 16:18:34.956352,655.32,0.05,0.0,0.1
2024-07-17 16:18:37.957444,655.1,0.18,0.0,0.45
2024-07-17 16:18:40.960949,655.32,0.04,0.0,0.09
2024-07-17 16:18:43.965507,655.32,0.04,0.0,0.09
2024-07-17 16:18:46.969396,655.32,0.05,0.0,0.09
2024-07-17 16:18:49.973967,655.32,0.05,0.0,0.09
2024-07-17 16:18:52.979081,655.32,0.04,0.0,0.08
2024-07-17 16:18:55.982682,655.32,0.04,0.0,0.08
2024-07-17 16:18:58.986158,655.32,0.05,0.0,0.09
2024-07-17 16:19:01.989862,655.32,0.05,0.0,0.09
2024-07-17 16:19:05.002275,655.32,0.05,0.0,0.1
2024-07-17 16:19:08.065863,655.32,0.04,0.0,0.09
2024-07-17 16:19:11.068186,655.32,0.04,0.0,0.09
2024-07-17 16:19:14.070346,655.32,0.04,0.0,0.09
2024-07-17 16:19:17.073721,655.32,0.04,0.0,0.09
2024-07-17 16:19:20.077537,655.21,0.18,0.0,0.34
2024-07-17 16:19:23.080970,655.31,0.04,0.0,0.1
2024-07-17 16:19:26.083719,655.32,0.05,0.0,0.09
2024-07-17 16:19:29.097634,655.32,0.05,0.0,0.09
2024-07-17 16:19:32.101180,655.32,0.05,0.0,0.09
2024-07-17 16:19:35.104890,655.31,0.04,0.0,0.1
2024-07-17 16:19:38.107995,655.31,0.05,0.0,0.11
2024-07-17 16:19:41.116592,655.32,0.05,0.0,0.1
2024-07-17 16:19:44.118526,655.32,0.04,0.0,0.08
2024-07-17 16:19:47.123169,655.32,0.04,0.0,0.08
2024-07-17 16:19:50.125852,655.33,0.05,0.0,0.09
2024-07-17 16:19:53.128947,655.3,0.05,0.0,0.11
2024-07-17 16:19:56.133548,655.32,0.04,0.0,0.09
2024-07-17 16:19:59.138321,655.32,0.05,0.0,0.09
2024-07-17 16:20:02.142446,655.31,0.04,0.0,0.09
2024-07-17 16:20:05.146744,655.31,0.06,0.0,0.11
2024-07-17 16:20:08.149801,655.32,0.04,0.0,0.09
2024-07-17 16:20:11.153091,655.31,0.06,0.0,0.11
2024-07-17 16:20:14.155671,655.32,0.04,0.0,0.08
2024-07-17 16:20:17.160399,655.3,0.06,0.0,0.13
2024-07-17 16:20:20.165235,655.31,0.04,0.0,0.09
2024-07-17 16:20:23.170034,655.32,0.05,0.0,0.09
2024-07-17 16:20:26.173933,655.32,0.04,0.0,0.08
2024-07-17 16:20:29.177041,655.32,0.04,0.0,0.09
2024-07-17 16:20:32.179264,655.32,0.05,0.0,0.09
2024-07-17 16:20:35.182372,655.32,0.04,0.0,0.08
2024-07-17 16:20:38.185754,655.32,0.04,0.0,0.08
2024-07-17 16:20:41.187960,655.32,0.04,0.0,0.09
2024-07-17 16:20:44.191870,655.32,0.05,0.0,0.09
2024-07-17 16:20:47.196658,655.32,0.04,0.0,0.08
2024-07-17 16:20:50.199156,655.32,0.05,0.0,0.09
2024-07-17 16:20:53.202614,655.33,0.04,0.0,0.08
2024-07-17 16:20:56.206270,655.32,0.04,0.0,0.08
2024-07-17 16:20:59.208301,655.32,0.04,0.0,0.09
2024-07-17 16:21:02.211940,655.32,0.04,0.0,0.08
2024-07-17 16:21:05.214235,655.32,0.04,0.0,0.08
2024-07-17 16:21:08.216668,655.32,0.04,0.0,0.09
2024-07-17 16:21:11.220137,655.33,0.05,0.0,0.08
2024-07-17 16:21:14.223392,655.32,0.04,0.0,0.08
2024-07-17 16:21:17.227596,655.3,0.07,0.0,0.14
2024-07-17 16:21:20.256782,655.31,0.05,0.0,0.1
2024-07-17 16:21:23.259352,655.31,0.05,0.0,0.1
2024-07-17 16:21:26.261531,655.3,0.05,0.0,0.11
2024-07-17 16:21:29.263216,655.27,0.04,655.34,0.13
2024-07-17 16:21:32.267375,655.32,0.04,0.0,0.09
2024-07-17 16:21:35.269566,655.32,0.04,0.0,0.08
2024-07-17 16:21:38.271941,655.33,0.04,0.0,0.08
2024-07-17 16:21:41.275108,655.32,0.05,0.0,0.09
2024-07-17 16:21:44.279462,655.33,0.06,0.0,0.1
2024-07-17 16:21:47.281907,654.88,0.55,0.0,1.04
2024-07-17 16:21:50.284866,655.03,0.35,655.35,0.68
2024-07-17 16:21:53.287805,655.31,0.06,0.0,0.12
2024-07-17 16:21:56.292288,655.32,0.04,0.0,0.09
2024-07-17 16:21:59.294480,655.32,0.04,0.0,0.09
2024-07-17 16:22:02.299763,655.32,0.05,0.0,0.09
2024-07-17 16:22:05.306494,655.32,0.04,0.0,0.09
2024-07-17 16:22:08.346488,655.32,0.04,0.0,0.08
2024-07-17 16:22:11.350074,655.27,0.08,0.0,0.17
2024-07-17 16:22:14.353767,655.23,0.15,0.0,0.28
2024-07-17 16:22:17.358121,655.32,0.04,0.0,0.08
2024-07-17 16:22:20.359326,655.31,0.06,0.0,0.12
2024-07-17 16:22:23.363633,655.35,0.06,0.02,0.08
2024-07-17 16:22:26.368684,655.32,0.04,0.0,0.09
2024-07-17 16:22:29.374433,655.32,0.04,0.0,0.08
2024-07-17 16:22:32.380094,655.32,0.04,0.0,0.08
2024-07-17 16:22:35.383281,655.32,0.05,0.0,0.09
2024-07-17 16:22:38.387219,655.32,0.04,0.0,0.08
2024-07-17 16:22:41.390070,655.32,0.04,0.0,0.08
2024-07-17 16:22:44.392086,655.32,0.04,0.0,0.08
2024-07-17 16:22:47.394217,655.32,0.04,0.0,0.08
2024-07-17 16:22:50.397361,655.32,0.04,0.0,0.09
2024-07-17 16:22:53.403252,655.33,0.04,0.0,0.08
2024-07-17 16:22:56.407126,655.32,0.04,0.0,0.08
2024-07-17 16:22:59.410415,655.32,0.04,0.0,0.08
2024-07-17 16:23:02.411531,655.32,0.04,0.0,0.09
2024-07-17 16:23:05.415847,655.32,0.04,0.0,0.09
2024-07-17 16:23:08.419702,655.33,0.04,0.0,0.07
2024-07-17 16:23:11.423624,655.33,0.04,0.0,0.08
2024-07-17 16:23:14.428645,655.33,0.04,0.0,0.08
2024-07-17 16:23:17.431587,655.32,0.04,0.0,0.08
2024-07-17 16:23:20.436070,655.32,0.03,0.0,0.08
2024-07-17 16:23:23.440628,655.32,0.04,0.0,0.08
2024-07-17 16:23:26.445478,655.32,0.04,0.0,0.08
2024-07-17 16:23:29.450863,655.33,0.04,0.0,0.07
2024-07-17 16:23:32.454138,655.33,0.04,0.0,0.08
2024-07-17 16:23:35.458191,655.33,0.03,0.0,0.07
2024-07-17 16:23:38.460220,655.32,0.04,0.0,0.08
2024-07-17 16:23:41.463212,655.33,0.04,0.0,0.07
2024-07-17 16:23:44.465896,655.33,0.04,0.0,0.08
2024-07-17 16:23:47.468839,655.33,0.03,0.0,0.07
2024-07-17 16:23:50.470498,655.33,0.04,0.0,0.08
2024-07-17 16:23:53.473120,655.32,0.04,0.0,0.08
2024-07-17 16:23:56.476046,655.33,0.03,0.0,0.07
2024-07-17 16:23:59.479966,655.33,0.03,0.0,0.07
2024-07-17 16:24:02.483408,655.33,0.03,0.0,0.07
2024-07-17 16:24:05.493086,655.32,0.04,0.0,0.08
2024-07-17 16:24:08.496460,655.32,0.03,0.0,0.07
2024-07-17 16:24:11.500499,655.33,0.04,0.0,0.08
2024-07-17 16:24:14.503587,655.32,0.04,0.0,0.08
2024-07-17 16:24:17.507789,655.33,0.05,0.0,0.08
2024-07-17 16:24:20.511042,655.32,0.04,0.0,0.08
2024-07-17 16:24:23.514457,655.33,0.04,0.0,0.08
2024-07-17 16:24:26.518713,655.32,0.03,0.0,0.07
2024-07-17 16:24:29.523079,655.32,0.03,0.0,0.07
2024-07-17 16:24:32.527670,655.33,0.03,0.0,0.07
2024-07-17 16:24:35.531032,655.32,0.04,0.0,0.08
2024-07-17 16:24:38.535715,655.32,0.04,0.0,0.08
2024-07-17 16:24:41.539057,655.33,0.04,0.0,0.08
2024-07-17 16:24:44.543049,655.32,0.04,0.0,0.08
2024-07-17 16:24:47.547383,655.32,0.04,0.0,0.08
2024-07-17 16:24:50.550602,655.32,0.04,0.0,0.08
2024-07-17 16:24:53.553657,655.32,0.04,0.0,0.08
2024-07-17 16:24:56.556476,655.33,0.04,0.0,0.07
2024-07-17 16:24:59.560232,655.33,0.03,0.0,0.07
2024-07-17 16:25:02.563041,655.32,0.04,0.0,0.08
2024-07-17 16:25:05.565347,655.33,0.04,0.0,0.07
2024-07-17 16:25:08.567951,655.32,0.03,0.0,0.08
2024-07-17 16:25:11.570469,655.32,0.04,0.0,0.08
2024-07-17 16:25:14.574479,655.33,0.04,0.0,0.08
2024-07-17 16:25:17.579115,655.33,0.04,0.0,0.08
2024-07-17 16:25:20.583800,655.33,0.04,0.0,0.07
2024-07-17 16:25:23.587542,655.32,0.04,0.0,0.08
2024-07-17 16:25:26.592183,655.33,0.03,0.0,0.07
2024-07-17 16:25:29.594425,655.33,0.03,0.0,0.07
2024-07-17 16:25:32.598092,655.32,0.04,0.0,0.08
2024-07-17 16:25:35.601344,655.33,0.04,0.0,0.07
2024-07-17 16:25:38.604513,655.32,0.04,0.0,0.08
2024-07-17 16:25:41.608614,655.33,0.03,0.0,0.07
2024-07-17 16:25:44.612382,655.33,0.04,0.0,0.07
2024-07-17 16:25:47.614749,655.32,0.03,0.0,0.08
2024-07-17 16:25:50.618033,655.33,0.03,0.0,0.07
2024-07-17 16:25:53.623877,655.32,0.04,0.0,0.08
2024-07-17 16:25:56.626762,655.32,0.04,0.0,0.08
2024-07-17 16:25:59.628743,655.33,0.04,0.0,0.08
2024-07-17 16:26:02.631277,655.33,0.03,0.0,0.07
2024-07-17 16:26:05.634137,655.33,0.04,0.0,0.08
2024-07-17 16:26:08.637319,655.33,0.04,0.0,0.07
2024-07-17 16:26:11.639870,655.32,0.04,0.0,0.08
2024-07-17 16:26:14.642749,655.32,0.05,0.0,0.09
2024-07-17 16:26:17.647976,655.33,0.03,0.0,0.07
2024-07-17 16:26:20.651085,655.33,0.04,0.0,0.07
2024-07-17 16:26:23.653513,655.33,0.03,0.0,0.07
2024-07-17 16:26:26.658689,655.33,0.04,0.0,0.08
2024-07-17 16:26:29.661891,655.33,0.03,0.0,0.07
2024-07-17 16:26:32.667365,655.32,0.04,0.0,0.08
2024-07-17 16:26:35.671494,655.33,0.04,0.0,0.08
2024-07-17 16:26:38.675175,655.33,0.04,0.0,0.07
2024-07-17 16:26:41.678317,655.33,0.04,0.0,0.08
2024-07-17 16:26:44.682504,655.33,0.03,0.0,0.07
2024-07-17 16:26:47.687210,655.32,0.04,0.0,0.08
2024-07-17 16:26:50.693333,655.33,0.03,0.0,0.07
2024-07-17 16:26:53.694437,655.32,0.05,0.0,0.09
2024-07-17 16:26:56.697848,655.32,0.04,0.0,0.08
2024-07-17 16:26:59.700937,655.33,0.03,0.0,0.07
2024-07-17 16:27:02.705408,655.33,0.04,0.0,0.07
2024-07-17 16:27:05.709006,655.33,0.04,0.0,0.08
2024-07-17 16:27:08.712053,655.32,0.04,0.0,0.08
2024-07-17 16:27:11.713457,655.33,0.03,0.0,0.07
2024-07-17 16:27:14.716659,655.33,0.04,0.0,0.08
2024-07-17 16:27:17.720018,655.33,0.03,0.0,0.07
2024-07-17 16:27:20.723290,655.32,0.04,0.0,0.08
2024-07-17 16:27:23.727196,655.33,0.04,0.0,0.08
2024-07-17 16:27:26.730893,655.33,0.03,0.0,0.07
2024-07-17 16:27:29.733929,655.33,0.03,0.0,0.07
2024-07-17 16:27:32.735026,655.33,0.04,0.0,0.08
2024-07-17 16:27:35.739868,655.33,0.04,0.0,0.08
2024-07-17 16:27:38.753475,655.33,0.04,0.0,0.07
2024-07-17 16:27:41.756821,655.33,0.04,0.0,0.08
2024-07-17 16:27:44.760559,655.33,0.04,0.0,0.07
2024-07-17 16:27:47.770986,655.32,0.04,0.0,0.08
2024-07-17 16:27:50.774242,655.33,0.03,0.0,0.07
2024-07-17 16:27:53.825970,655.33,0.04,0.0,0.08
2024-07-17 16:27:56.829438,655.32,0.04,0.0,0.08
2024-07-17 16:27:59.832499,655.32,0.03,0.0,0.08
2024-07-17 16:28:02.835340,655.32,0.04,0.0,0.08
2024-07-17 16:28:05.837112,655.33,0.03,0.0,0.07
2024-07-17 16:28:08.840565,655.32,0.04,0.0,0.08
2024-07-17 16:28:11.843238,655.33,0.04,0.0,0.07
2024-07-17 16:28:14.845068,655.32,0.04,0.0,0.09
2024-07-17 16:28:17.847703,655.33,0.03,0.0,0.07
2024-07-17 16:28:20.852349,655.32,0.04,0.0,0.08
2024-07-17 16:28:23.855589,655.32,0.03,0.0,0.08
2024-07-17 16:28:26.858921,655.33,0.04,0.0,0.08
2024-07-17 16:28:29.861393,655.33,0.04,0.0,0.07
2024-07-17 16:28:32.865529,655.31,0.05,0.0,0.1
2024-07-17 16:28:35.870054,655.32,0.04,0.0,0.08
2024-07-17 16:28:38.873294,655.32,0.03,0.0,0.08
2024-07-17 16:28:41.877204,655.32,0.05,0.0,0.09
2024-07-17 16:28:44.880726,655.33,0.03,0.0,0.07
2024-07-17 16:28:47.885416,655.32,0.04,0.0,0.08
2024-07-17 16:28:50.889127,655.32,0.04,0.0,0.08
2024-07-17 16:28:53.891734,655.33,0.04,0.0,0.08
2024-07-17 16:28:56.897015,655.32,0.04,0.0,0.08
2024-07-17 16:28:59.901012,655.32,0.04,0.0,0.08
2024-07-17 16:29:02.904816,655.32,0.05,0.0,0.09
2024-07-17 16:29:05.908462,655.33,0.04,0.0,0.07
2024-07-17 16:29:08.912913,655.32,0.04,0.0,0.08
2024-07-17 16:29:11.917491,655.33,0.04,0.0,0.08
2024-07-17 16:29:14.920278,655.32,0.04,0.0,0.08
2024-07-17 16:29:17.924854,655.33,0.03,0.0,0.07
2024-07-17 16:29:20.927933,655.32,0.04,0.0,0.08
2024-07-17 16:29:23.931761,655.32,0.04,0.0,0.08
2024-07-17 16:29:26.936191,655.32,0.04,0.0,0.09
2024-07-17 16:29:29.941361,655.32,0.04,0.0,0.09
2024-07-17 16:29:32.944218,655.32,0.04,0.0,0.09
2024-07-17 16:29:35.946529,655.33,0.04,0.0,0.08
2024-07-17 16:29:38.949907,655.33,0.04,0.0,0.08
2024-07-17 16:29:41.952796,655.32,0.04,0.0,0.08
2024-07-17 16:29:44.958556,655.32,0.04,0.0,0.08
2024-07-17 16:29:47.962371,655.32,0.04,0.0,0.08
2024-07-17 16:29:50.965711,655.32,0.04,0.0,0.09
2024-07-17 16:29:53.969739,655.32,0.05,0.0,0.09
2024-07-17 16:29:56.972773,655.31,0.07,0.0,0.12
2024-07-17 16:29:59.974346,655.32,0.04,0.0,0.09
2024-07-17 16:30:02.978053,655.32,0.05,0.0,0.1
2024-07-17 16:30:05.982122,655.31,0.05,0.0,0.1
2024-07-17 16:30:09.529824,655.32,0.04,0.0,0.08
2024-07-17 16:30:12.869572,655.32,0.05,0.0,0.09
2024-07-17 16:30:15.871286,655.32,0.04,0.0,0.09
2024-07-17 16:30:18.890776,655.32,0.04,0.0,0.08
2024-07-17 16:30:21.896712,655.32,0.04,0.0,0.08
2024-07-17 16:30:24.901135,655.32,0.04,0.0,0.09
2024-07-17 16:30:27.902917,655.32,0.04,0.0,0.08
2024-07-17 16:30:30.906357,655.32,0.04,0.0,0.08
2024-07-17 16:30:33.909232,655.33,0.05,0.0,0.09
2024-07-17 16:30:36.910901,655.32,0.04,0.0,0.08
2024-07-17 16:30:39.914037,655.32,0.04,0.0,0.09
2024-07-17 16:30:42.917420,655.32,0.04,0.0,0.08
2024-07-17 16:30:45.923144,655.32,0.04,0.0,0.08
2024-07-17 16:30:48.945022,655.32,0.05,0.0,0.1
2024-07-17 16:30:51.967576,655.32,0.05,0.0,0.09
2024-07-17 16:30:54.970593,655.32,0.04,0.0,0.09
2024-07-17 16:30:57.974747,655.33,0.04,0.0,0.08
2024-07-17 16:31:00.977269,655.32,0.04,0.0,0.08
2024-07-17 16:31:03.978440,655.33,0.04,0.0,0.07
2024-07-17 16:31:06.992146,655.32,0.04,0.0,0.08
2024-07-17 16:31:09.994332,655.32,0.04,0.0,0.08
2024-07-17 16:31:13.002987,655.32,0.05,0.0,0.09
2024-07-17 16:31:16.005881,655.33,0.04,0.0,0.08
2024-07-17 16:31:19.007404,655.32,0.04,0.0,0.09
2024-07-17 16:31:22.015862,655.32,0.04,0.0,0.09
2024-07-17 16:31:25.018815,655.32,0.04,0.0,0.08
2024-07-17 16:31:28.025072,655.32,0.04,0.0,0.08
2024-07-17 16:31:31.028631,655.31,0.04,0.0,0.1
2024-07-17 16:31:34.032395,655.32,0.04,0.0,0.09
2024-07-17 16:31:37.034815,655.32,0.05,0.0,0.09
2024-07-17 16:31:40.041850,655.32,0.04,0.0,0.09
2024-07-17 16:31:43.045265,655.32,0.04,0.0,0.08
2024-07-17 16:31:46.048956,655.32,0.04,0.0,0.08
2024-07-17 16:31:49.057624,655.32,0.04,0.0,0.08
2024-07-17 16:31:52.059303,655.32,0.04,0.0,0.09
2024-07-17 16:31:55.061709,655.32,0.04,0.0,0.09
2024-07-17 16:31:58.065322,655.32,0.04,0.0,0.08
2024-07-17 16:32:01.070998,655.32,0.04,0.0,0.09
2024-07-17 16:32:04.073970,655.32,0.04,0.0,0.08
2024-07-17 16:32:07.088199,655.32,0.04,0.0,0.08
2024-07-17 16:32:10.092135,655.32,0.04,0.0,0.08
2024-07-17 16:32:13.100404,655.32,0.05,0.0,0.1
2024-07-17 16:32:16.103346,655.33,0.04,0.0,0.08
2024-07-17 16:32:19.105374,655.32,0.04,0.0,0.09
2024-07-17 16:32:22.108907,655.33,0.04,0.0,0.08
2024-07-17 16:32:25.115034,655.32,0.04,0.0,0.09
2024-07-17 16:32:28.118642,655.33,0.05,0.0,0.09
2024-07-17 16:32:31.121146,655.32,0.04,0.0,0.08
2024-07-17 16:32:34.123765,655.32,0.04,0.0,0.08
2024-07-17 16:32:37.132242,655.32,0.04,0.0,0.09
2024-07-17 16:32:40.134858,655.32,0.04,0.0,0.09
2024-07-17 16:32:43.138544,655.32,0.04,0.0,0.08
2024-07-17 16:32:46.142417,655.33,0.04,0.0,0.08
2024-07-17 16:32:49.146464,655.32,0.04,0.0,0.08
2024-07-17 16:32:52.150043,655.32,0.04,0.0,0.08
2024-07-17 16:32:55.156502,655.32,0.04,0.0,0.08
2024-07-17 16:32:58.162074,655.33,0.04,0.0,0.08
2024-07-17 16:33:01.165152,655.32,0.04,0.0,0.08
2024-07-17 16:33:04.171108,655.32,0.04,0.0,0.09
2024-07-17 16:33:07.172756,655.33,0.04,0.0,0.08
2024-07-17 16:33:10.176447,655.32,0.04,0.0,0.08
2024-07-17 16:33:13.181438,655.33,0.04,0.0,0.08
2024-07-17 16:33:16.183476,655.32,0.04,0.0,0.08
2024-07-17 16:33:19.186585,655.32,0.04,0.0,0.08
2024-07-17 16:33:22.188250,655.32,0.04,0.0,0.09
2024-07-17 16:33:25.192951,655.32,0.04,0.0,0.09
2024-07-17 16:33:28.195435,655.32,0.04,0.0,0.09
2024-07-17 16:33:31.197910,655.32,0.04,0.0,0.08
2024-07-17 16:33:34.200096,655.33,0.04,0.0,0.08
2024-07-17 16:33:37.202067,655.32,0.05,0.0,0.09
2024-07-17 16:33:40.204963,655.32,0.04,0.0,0.08
2024-07-17 16:33:43.207066,655.32,0.04,0.0,0.08
2024-07-17 16:33:46.212927,655.33,0.04,0.0,0.08
2024-07-17 16:33:49.216575,655.31,0.05,0.0,0.1
2024-07-17 16:33:52.220059,655.33,0.04,0.0,0.08
2024-07-17 16:33:55.225863,655.31,0.04,0.0,0.09
2024-07-17 16:33:58.229383,655.32,0.04,0.0,0.09
2024-07-17 16:34:01.247553,655.31,0.04,0.0,0.09
2024-07-17 16:34:04.257181,655.32,0.04,0.0,0.08
2024-07-17 16:34:07.260006,655.32,0.04,0.0,0.09
2024-07-17 16:34:10.267765,655.32,0.04,0.0,0.09
2024-07-17 16:34:13.273446,655.32,0.04,0.0,0.08
2024-07-17 16:34:16.275499,655.32,0.04,0.0,0.09
2024-07-17 16:34:19.281034,655.33,0.04,0.0,0.08
2024-07-17 16:34:22.294508,655.32,0.04,0.0,0.08
2024-07-17 16:34:25.297612,655.32,0.04,0.0,0.08
2024-07-17 16:34:28.301038,655.32,0.04,0.0,0.08
2024-07-17 16:34:31.303089,655.32,0.04,0.0,0.08
2024-07-17 16:34:34.306244,655.32,0.05,0.0,0.09
2024-07-17 16:34:37.308385,655.33,0.05,0.0,0.09
2024-07-17 16:34:40.310230,655.32,0.04,0.0,0.08
2024-07-17 16:34:43.313942,655.33,0.04,0.0,0.08
2024-07-17 16:34:46.317244,655.32,0.05,0.0,0.09
2024-07-17 16:34:49.319689,655.32,0.04,0.0,0.09
2024-07-17 16:34:52.322246,655.32,0.04,0.0,0.09
2024-07-17 16:34:55.324164,655.32,0.04,0.0,0.08
2024-07-17 16:34:58.328762,655.32,0.05,0.0,0.09
2024-07-17 16:35:01.331133,655.33,0.04,0.0,0.08
2024-07-17 16:35:04.333802,655.32,0.04,0.0,0.08
2024-07-17 16:35:07.338111,655.32,0.04,0.0,0.08
2024-07-17 16:35:10.341285,655.32,0.05,0.0,0.09
2024-07-17 16:35:13.345718,655.32,0.04,0.0,0.08
2024-07-17 16:35:16.349341,655.32,0.04,0.0,0.09
2024-07-17 16:35:19.351358,655.32,0.05,0.0,0.09
2024-07-17 16:35:22.354908,655.33,0.05,0.0,0.09
2024-07-17 16:35:25.357713,655.33,0.04,0.0,0.08
2024-07-17 16:35:28.360626,655.32,0.04,0.0,0.08
2024-07-17 16:35:31.362437,655.32,0.05,0.0,0.09
2024-07-17 16:35:34.365156,655.33,0.04,0.0,0.07
2024-07-17 16:35:37.368239,655.32,0.05,0.0,0.09
2024-07-17 16:35:40.371461,655.33,0.04,0.0,0.08
2024-07-17 16:35:43.375026,655.32,0.04,0.0,0.09
2024-07-17 16:35:46.376949,655.33,0.04,0.0,0.08
2024-07-17 16:35:49.380670,655.32,0.04,0.0,0.08
2024-07-17 16:35:52.385411,655.32,0.04,0.0,0.09
2024-07-17 16:35:55.395910,655.32,0.04,0.0,0.08
2024-07-17 16:35:58.402468,655.32,0.05,0.0,0.09
2024-07-17 16:36:01.405232,655.33,0.04,0.0,0.08
2024-07-17 16:36:04.407582,655.32,0.05,0.0,0.1
2024-07-17 16:36:07.410207,655.31,0.04,0.0,0.09
2024-07-17 16:36:10.411460,655.32,0.04,0.0,0.09
2024-07-17 16:36:13.413629,655.32,0.05,0.0,0.09
2024-07-17 16:36:16.416401,655.32,0.04,0.0,0.09
2024-07-17 16:36:19.418433,655.32,0.05,0.0,0.09
2024-07-17 16:36:22.421785,655.32,0.04,0.0,0.09
2024-07-17 16:36:25.425240,655.32,0.05,0.0,0.09
2024-07-17 16:36:28.430648,655.32,0.04,0.0,0.08
2024-07-17 16:36:31.434357,655.31,0.04,0.0,0.09
2024-07-17 16:36:34.436869,655.32,0.04,0.0,0.09
2024-07-17 16:36:37.439014,655.32,0.05,0.0,0.09
2024-07-17 16:36:40.441452,655.32,0.04,0.0,0.08
2024-07-17 16:36:43.442634,655.31,0.05,0.0,0.1
2024-07-17 16:36:46.446550,655.32,0.04,0.0,0.09
2024-07-17 16:36:49.449670,655.32,0.05,0.0,0.09
2024-07-17 16:36:52.452747,655.32,0.04,0.0,0.09
2024-07-17 16:36:55.457676,655.31,0.05,0.0,0.1
2024-07-17 16:36:58.461359,655.32,0.04,0.0,0.08
2024-07-17 16:37:02.580433,655.32,0.04,0.0,0.08
2024-07-17 16:37:05.584053,655.32,0.04,0.0,0.09
2024-07-17 16:37:08.587428,655.31,0.05,0.0,0.11
2024-07-17 16:37:11.590825,655.32,0.05,0.0,0.1
2024-07-17 16:37:14.594538,655.33,0.04,0.0,0.08
2024-07-17 16:37:17.598670,655.32,0.05,0.0,0.09
2024-07-17 16:37:20.601380,655.32,0.04,0.0,0.09
2024-07-17 16:37:23.616567,655.32,0.05,0.0,0.1
2024-07-17 16:37:26.625748,655.33,0.04,0.0,0.08
2024-07-17 16:37:29.628924,655.32,0.05,0.0,0.09
2024-07-17 16:37:32.631904,655.33,0.04,0.0,0.08
2024-07-17 16:37:35.637040,655.31,0.04,0.0,0.09
2024-07-17 16:37:38.639062,655.32,0.04,0.0,0.08
2024-07-17 16:37:41.643039,655.32,0.04,0.0,0.08
2024-07-17 16:37:44.646382,655.32,0.04,0.0,0.08
2024-07-17 16:37:47.648695,655.32,0.04,0.0,0.09
2024-07-17 16:37:50.651532,655.33,0.06,0.0,0.1
2024-07-17 16:37:53.654798,655.33,0.04,0.0,0.08
2024-07-17 16:37:56.660356,655.32,0.04,0.0,0.09
2024-07-17 16:37:59.662190,655.32,0.04,0.0,0.09
2024-07-17 16:38:02.668814,655.32,0.04,0.0,0.08
2024-07-17 16:38:05.671896,655.32,0.05,0.0,0.09
2024-07-17 16:38:08.675182,655.32,0.05,0.0,0.09
2024-07-17 16:38:11.678704,655.32,0.04,0.0,0.08
2024-07-17 16:38:14.680730,655.32,0.04,0.0,0.09
2024-07-17 16:38:17.684722,655.32,0.05,0.0,0.1
2024-07-17 16:38:20.687334,655.33,0.05,0.0,0.09
2024-07-17 16:38:23.689240,655.32,0.04,0.0,0.08
2024-07-17 16:38:26.692273,655.32,0.04,0.0,0.09
2024-07-17 16:38:29.695328,655.31,0.05,0.0,0.1
2024-07-17 16:38:32.697460,655.32,0.04,0.0,0.09
2024-07-17 16:38:35.700709,655.33,0.04,0.0,0.08
2024-07-17 16:38:38.704540,655.32,0.04,0.0,0.09
2024-07-17 16:38:41.707325,655.32,0.04,0.0,0.08
2024-07-17 16:38:44.709458,655.32,0.04,0.0,0.09
2024-07-17 16:38:47.711627,655.32,0.04,0.0,0.09
2024-07-17 16:38:50.714433,655.32,0.04,0.0,0.08
2024-07-17 16:38:53.716733,655.32,0.04,0.0,0.09
2024-07-17 16:38:56.724800,655.32,0.04,0.0,0.08
2024-07-17 16:38:59.727129,655.32,0.05,0.0,0.09
2024-07-17 16:39:02.729713,655.32,0.04,0.0,0.08
2024-07-17 16:39:05.731530,655.32,0.04,0.0,0.09
2024-07-17 16:39:08.733370,655.32,0.04,0.0,0.08
2024-07-17 16:39:11.735464,655.32,0.04,0.0,0.08
2024-07-17 16:39:14.739188,655.32,0.04,0.0,0.09
2024-07-17 16:39:17.742802,655.32,0.04,0.0,0.08
2024-07-17 16:39:20.744776,655.33,0.05,0.0,0.09
2024-07-17 16:39:23.747363,655.31,0.04,0.0,0.1
2024-07-17 16:39:26.751964,655.32,0.04,0.0,0.09
2024-07-17 16:39:29.755769,655.32,0.04,0.0,0.09
2024-07-17 16:39:32.759328,655.33,0.04,0.0,0.08
2024-07-17 16:39:35.762267,655.32,0.04,0.0,0.09
2024-07-17 16:39:38.764772,655.32,0.04,0.0,0.08
2024-07-17 16:39:41.768269,655.31,0.04,0.0,0.09
2024-07-17 16:39:44.779961,655.32,0.04,0.0,0.08
2024-07-17 16:39:47.783184,655.32,0.04,0.0,0.08
2024-07-17 16:39:50.785428,655.33,0.04,0.0,0.08
2024-07-17 16:39:53.788406,655.32,0.04,0.0,0.09
2024-07-17 16:39:56.792600,655.32,0.04,0.0,0.09
2024-07-17 16:39:59.796572,655.32,0.04,0.0,0.09
2024-07-17 16:40:02.802267,655.32,0.05,0.0,0.09
2024-07-17 16:40:05.806879,655.32,0.04,0.0,0.08
2024-07-17 16:40:08.812742,655.32,0.05,0.0,0.09
2024-07-17 16:40:11.817375,655.32,0.04,0.0,0.09
2024-07-17 16:40:14.819734,655.33,0.04,0.0,0.08
2024-07-17 16:40:17.822376,655.32,0.04,0.0,0.08
2024-07-17 16:40:20.824908,655.32,0.05,0.0,0.09
2024-07-17 16:40:23.829088,655.32,0.04,0.0,0.09
2024-07-17 16:40:26.833546,655.32,0.04,0.0,0.08
2024-07-17 16:40:29.835324,655.32,0.04,0.0,0.09
2024-07-17 16:40:32.837244,655.32,0.04,0.0,0.09
2024-07-17 16:40:35.839335,655.32,0.04,0.0,0.08
2024-07-17 16:40:38.841391,655.32,0.04,0.0,0.09
2024-07-17 16:40:41.845903,655.33,0.05,0.0,0.09
2024-07-17 16:40:44.850260,655.32,0.05,0.0,0.09
2024-07-17 16:40:47.853744,655.32,0.04,0.0,0.08
2024-07-17 16:40:50.858306,655.32,0.05,0.0,0.09
2024-07-17 16:40:53.860750,655.32,0.04,0.0,0.08
2024-07-17 16:40:56.864629,655.32,0.04,0.0,0.09
2024-07-17 16:40:59.866710,655.32,0.04,0.0,0.08
2024-07-17 16:41:02.870544,655.32,0.04,0.0,0.09
2024-07-17 16:41:05.874278,655.32,0.04,0.0,0.08
2024-07-17 16:41:08.878644,655.32,0.04,0.0,0.08
2024-07-17 16:41:11.883414,655.33,0.04,0.0,0.08
2024-07-17 16:41:14.885578,655.32,0.04,0.0,0.09
2024-07-17 16:41:17.890252,655.33,0.04,0.0,0.08
2024-07-17 16:41:20.897584,655.32,0.04,0.0,0.08
2024-07-17 16:41:23.901370,655.32,0.05,0.0,0.09
2024-07-17 16:41:26.904044,655.32,0.04,0.0,0.08
2024-07-17 16:41:29.908625,655.32,0.04,0.0,0.08
2024-07-17 16:41:32.910902,655.33,0.05,0.0,0.08
2024-07-17 16:41:35.913561,655.32,0.04,0.0,0.09
2024-07-17 16:41:38.917457,655.32,0.04,0.0,0.08
2024-07-17 16:41:41.919715,655.32,0.04,0.0,0.09
2024-07-17 16:41:44.923153,655.33,0.04,0.0,0.08
2024-07-17 16:41:47.927532,655.32,0.05,0.0,0.09
2024-07-17 16:41:50.930834,655.32,0.04,0.0,0.09
2024-07-17 16:41:53.933431,655.32,0.04,0.0,0.08
2024-07-17 16:41:56.937259,655.33,0.04,0.0,0.08
2024-07-17 16:41:59.939273,655.32,0.05,0.0,0.09
2024-07-17 16:42:02.941273,655.32,0.04,0.0,0.08
2024-07-17 16:42:05.944677,655.32,0.04,0.0,0.09
2024-07-17 16:42:08.948482,655.32,0.04,0.0,0.09
2024-07-17 16:42:11.954058,655.32,0.04,0.0,0.09
2024-07-17 16:42:14.956708,655.33,0.04,0.0,0.07
2024-07-17 16:42:17.959283,655.32,0.04,0.0,0.08
2024-07-17 16:42:20.988938,655.32,0.04,0.0,0.08
2024-07-17 16:42:23.993420,655.32,0.04,0.0,0.09
2024-07-17 16:42:26.995308,655.32,0.05,0.0,0.09
2024-07-17 16:42:30.002271,655.32,0.05,0.0,0.09
2024-07-17 16:42:33.005614,655.32,0.04,0.0,0.08
2024-07-17 16:42:36.012387,655.32,0.04,0.0,0.09
2024-07-17 16:42:39.025592,655.33,0.04,0.0,0.08
2024-07-17 16:42:42.032252,655.32,0.04,0.0,0.09
2024-07-17 16:42:45.034302,655.32,0.04,0.0,0.08
2024-07-17 16:42:48.041726,655.32,0.05,0.0,0.09
2024-07-17 16:42:51.046213,655.33,0.04,0.0,0.08
2024-07-17 16:42:54.048672,655.31,0.04,0.0,0.09
2024-07-17 16:42:57.051458,655.33,0.04,0.0,0.07
2024-07-17 16:43:00.058735,655.32,0.04,0.0,0.09
2024-07-17 16:43:03.066149,655.33,0.04,0.0,0.08
2024-07-17 16:43:06.071996,655.32,0.05,0.0,0.09
2024-07-17 16:43:09.076920,655.32,0.04,0.0,0.08
2024-07-17 16:43:12.079415,655.32,0.04,0.0,0.09
2024-07-17 16:43:15.085663,655.32,0.04,0.0,0.08
2024-07-17 16:43:18.087526,655.31,0.04,0.0,0.1
2024-07-17 16:43:21.093015,655.33,0.04,0.0,0.07
2024-07-17 16:43:24.100439,655.32,0.04,0.0,0.09
2024-07-17 16:43:27.103916,655.32,0.04,0.0,0.08
2024-07-17 16:43:30.105540,655.31,0.07,0.0,0.12
2024-07-17 16:43:33.114557,655.33,0.04,0.0,0.08
2024-07-17 16:43:36.117058,655.32,0.05,0.0,0.1
2024-07-17 16:43:39.121730,655.32,0.04,0.0,0.09
2024-07-17 16:43:42.127319,655.32,0.04,0.0,0.08
2024-07-17 16:43:45.132148,655.32,0.04,0.0,0.08
2024-07-17 16:43:48.135387,655.32,0.04,0.0,0.09
2024-07-17 16:43:51.144158,655.33,0.04,0.0,0.08
2024-07-17 16:43:54.146572,655.32,0.05,0.0,0.09
2024-07-17 16:43:57.149306,655.32,0.04,0.0,0.08
2024-07-17 16:44:00.162032,655.32,0.04,0.0,0.08
2024-07-17 16:44:03.164324,655.32,0.05,0.0,0.09
2024-07-17 16:44:06.175226,655.32,0.04,0.0,0.09
2024-07-17 16:44:09.177512,655.33,0.04,0.0,0.08
2024-07-17 16:44:12.178505,655.32,0.04,0.0,0.08
2024-07-17 16:44:15.189232,655.33,0.04,0.0,0.08
2024-07-17 16:44:18.192098,655.32,0.05,0.0,0.09
2024-07-17 16:44:21.202990,655.33,0.04,0.0,0.08
2024-07-17 16:44:24.207770,655.32,0.04,0.0,0.09
2024-07-17 16:44:27.208304,655.32,0.04,0.0,0.08
2024-07-17 16:44:30.224765,655.32,0.04,0.0,0.09
2024-07-17 16:44:33.234991,655.32,0.04,0.0,0.09
2024-07-17 16:44:36.237295,655.32,0.04,0.0,0.08
2024-07-17 16:44:39.239930,655.32,0.04,0.0,0.09
2024-07-17 16:44:42.251577,655.32,0.05,0.0,0.09
2024-07-17 16:44:45.254062,655.32,0.04,0.0,0.08
2024-07-17 16:44:48.258482,655.32,0.04,0.0,0.09
2024-07-17 16:44:51.261565,655.31,0.08,0.0,0.13
2024-07-17 16:44:54.265690,655.32,0.04,0.0,0.09
2024-07-17 16:44:57.273643,655.33,0.04,0.0,0.08
2024-07-17 16:45:00.281187,655.32,0.05,0.0,0.1
2024-07-17 16:45:03.286445,655.31,0.04,0.0,0.09
2024-07-17 16:45:06.289231,655.32,0.05,0.0,0.1
2024-07-17 16:45:09.291738,655.33,0.04,0.0,0.08
2024-07-17 16:45:12.294117,655.32,0.05,0.0,0.1
2024-07-17 16:45:15.312838,655.32,0.04,0.0,0.09
2024-07-17 16:45:18.324197,655.32,0.05,0.0,0.09
2024-07-17 16:45:21.331502,655.32,0.04,0.0,0.08
2024-07-17 16:45:24.335447,655.32,0.05,0.0,0.09
2024-07-17 16:45:27.339325,655.32,0.04,0.0,0.08
2024-07-17 16:45:30.341471,655.32,0.04,0.0,0.09
2024-07-17 16:45:33.345393,655.33,0.04,0.0,0.08
2024-07-17 16:45:36.350031,655.32,0.04,0.0,0.08
2024-07-17 16:45:39.356604,655.33,0.04,0.0,0.08
2024-07-17 16:45:42.364987,655.31,0.04,0.0,0.09
2024-07-17 16:45:45.370458,655.32,0.05,0.0,0.1
2024-07-17 16:45:48.375574,655.32,0.04,0.0,0.08
2024-07-17 16:45:51.379740,655.32,0.04,0.0,0.09
2024-07-17 16:45:54.382306,655.32,0.04,0.0,0.08
2024-07-17 16:45:57.384583,655.32,0.04,0.0,0.09
2024-07-17 16:46:00.391350,655.32,0.04,0.0,0.08
2024-07-17 16:46:03.394921,655.32,0.05,0.0,0.1
2024-07-17 16:46:06.398106,655.32,0.04,0.0,0.08
2024-07-17 16:46:09.405512,655.32,0.04,0.0,0.08
2024-07-17 16:46:12.408417,655.31,0.05,0.0,0.1
2024-07-17 16:46:15.412975,655.32,0.04,0.0,0.09
2024-07-17 16:46:18.422659,655.32,0.05,0.0,0.09
2024-07-17 16:46:21.425136,655.32,0.05,0.0,0.1
2024-07-17 16:46:24.427313,655.32,0.05,0.0,0.09
2024-07-17 16:46:27.433663,655.33,0.04,0.0,0.08
2024-07-17 16:46:30.436859,655.31,0.04,0.0,0.1
2024-07-17 16:46:33.441414,655.32,0.04,0.0,0.09
2024-07-17 16:46:36.447368,655.32,0.05,0.0,0.1
2024-07-17 16:46:39.449816,655.32,0.06,0.0,0.1
2024-07-17 16:46:42.451964,655.32,0.04,0.0,0.08
2024-07-17 16:46:45.456074,655.32,0.04,0.0,0.08
2024-07-17 16:46:48.462943,655.32,0.06,0.0,0.11
2024-07-17 16:46:51.464300,655.33,0.04,0.0,0.08
2024-07-17 16:46:54.467729,655.32,0.05,0.0,0.09
2024-07-17 16:46:57.480636,655.32,0.04,0.0,0.09
2024-07-17 16:47:00.483570,655.31,0.04,0.0,0.09
2024-07-17 16:47:03.491755,655.32,0.04,0.0,0.09
2024-07-17 16:47:06.495064,655.32,0.05,0.0,0.1
2024-07-17 16:47:09.496660,655.33,0.04,0.0,0.07
2024-07-17 16:47:12.503744,655.32,0.05,0.0,0.09
2024-07-17 16:47:15.508265,655.33,0.04,0.0,0.08
2024-07-17 16:47:18.511950,655.32,0.05,0.0,0.09
2024-07-17 16:47:21.520662,655.32,0.04,0.0,0.08
2024-07-17 16:47:24.524411,655.32,0.05,0.0,0.09
2024-07-17 16:47:27.529263,655.33,0.04,0.0,0.07
2024-07-17 16:47:30.534420,655.31,0.04,0.0,0.09
2024-07-17 16:47:33.538153,655.33,0.04,0.0,0.08
2024-07-17 16:47:36.540397,655.31,0.04,0.0,0.09
2024-07-17 16:47:39.548344,655.33,0.04,0.0,0.08
2024-07-17 16:47:42.557469,655.32,0.04,0.0,0.09
2024-07-17 16:47:45.564358,655.33,0.04,0.0,0.08
2024-07-17 16:47:48.567589,655.32,0.04,0.0,0.09
2024-07-17 16:47:51.571527,655.32,0.04,0.0,0.08
2024-07-17 16:47:54.576501,655.3,0.05,0.0,0.11
2024-07-17 16:47:57.584291,655.32,0.05,0.0,0.1
2024-07-17 16:48:00.594338,655.32,0.04,0.0,0.08
2024-07-17 16:48:03.597493,655.32,0.04,0.0,0.08
2024-07-17 16:48:06.599793,655.32,0.05,0.0,0.09
2024-07-17 16:48:09.605789,655.33,0.04,0.0,0.08
2024-07-17 16:48:12.609460,655.32,0.04,0.0,0.08
2024-07-17 16:48:15.610767,655.32,0.05,0.0,0.09
2024-07-17 16:48:18.617534,655.32,0.04,0.0,0.09
2024-07-17 16:48:21.621550,655.31,0.04,0.0,0.09
2024-07-17 16:48:24.623977,655.32,0.04,0.0,0.09
2024-07-17 16:48:27.628912,655.33,0.04,0.0,0.08
2024-07-17 16:48:30.633743,655.32,0.05,0.0,0.09
2024-07-17 16:48:33.640585,655.32,0.04,0.0,0.08
2024-07-17 16:48:36.648430,655.32,0.04,0.0,0.09
2024-07-17 16:48:39.651890,655.33,0.04,0.0,0.08
2024-07-17 16:48:42.669419,655.32,0.04,0.0,0.09
2024-07-17 16:48:45.682081,655.33,0.04,0.0,0.08
2024-07-17 16:48:48.685334,655.32,0.04,0.0,0.09
2024-07-17 16:48:51.687284,655.32,0.04,0.0,0.08
2024-07-17 16:48:54.690959,655.32,0.05,0.0,0.09
2024-07-17 16:48:57.693249,655.32,0.05,0.0,0.09
2024-07-17 16:49:00.698749,655.32,0.04,0.0,0.09
2024-07-17 16:49:03.705835,655.32,0.04,0.0,0.08
2024-07-17 16:49:06.707891,655.32,0.06,0.0,0.11
2024-07-17 16:49:09.716348,655.32,0.04,0.0,0.08
2024-07-17 16:49:12.734042,655.32,0.04,0.0,0.09
2024-07-17 16:49:15.736361,655.32,0.04,0.0,0.08
2024-07-17 16:49:18.739328,655.32,0.04,0.0,0.09
2024-07-17 16:49:21.742237,655.32,0.04,0.0,0.08
2024-07-17 16:49:24.745166,655.32,0.05,0.0,0.09
2024-07-17 16:49:27.750048,655.33,0.04,0.0,0.08
2024-07-17 16:49:30.754630,655.32,0.04,0.0,0.08
2024-07-17 16:49:33.759144,655.32,0.04,0.0,0.09
2024-07-17 16:49:36.764380,655.32,0.05,0.0,0.09
2024-07-17 16:49:39.770668,655.32,0.05,0.0,0.09
2024-07-17 16:49:42.777250,655.32,0.04,0.0,0.09
2024-07-17 16:49:45.783070,655.32,0.04,0.0,0.08
2024-07-17 16:49:48.792651,655.32,0.04,0.0,0.09
2024-07-17 16:49:51.799185,655.32,0.05,0.0,0.1
2024-07-17 16:49:54.804080,655.32,0.04,0.0,0.08
2024-07-17 16:49:57.806548,655.32,0.04,0.0,0.09
2024-07-17 16:50:00.813371,655.29,0.07,0.0,0.14
2024-07-17 16:50:03.816961,655.32,0.04,0.0,0.09
2024-07-17 16:50:06.822394,655.32,0.05,0.0,0.09
2024-07-17 16:50:09.824653,655.32,0.04,0.0,0.09
2024-07-17 16:50:12.826997,655.32,0.05,0.0,0.09
2024-07-17 16:50:15.831088,655.32,0.05,0.0,0.1
2024-07-17 16:50:18.834740,655.32,0.04,0.0,0.09
2024-07-17 16:50:21.836205,655.32,0.04,0.0,0.08
2024-07-17 16:50:24.838737,655.32,0.05,0.0,0.09
2024-07-17 16:50:27.842905,655.32,0.05,0.0,0.09
2024-07-17 16:50:30.846853,655.33,0.04,0.0,0.08
2024-07-17 16:50:33.851013,655.32,0.05,0.0,0.09
2024-07-17 16:50:36.855610,655.32,0.04,0.0,0.09
2024-07-17 16:50:39.858929,655.32,0.04,0.0,0.08
2024-07-17 16:50:42.861815,655.32,0.05,0.0,0.1
2024-07-17 16:50:45.864044,655.32,0.04,0.0,0.08
2024-07-17 16:50:48.867930,655.31,0.04,0.0,0.09
2024-07-17 16:50:51.870502,655.32,0.04,0.0,0.08
2024-07-17 16:50:54.874442,655.32,0.05,0.0,0.1
2024-07-17 16:50:57.877683,655.32,0.04,0.0,0.08
2024-07-17 16:51:00.881072,655.32,0.04,0.0,0.09
2024-07-17 16:51:03.883001,655.32,0.04,0.0,0.08
2024-07-17 16:51:06.889472,655.32,0.05,0.0,0.1
2024-07-17 16:51:09.892910,655.32,0.04,0.0,0.09
2024-07-17 16:51:12.896865,655.33,0.04,0.0,0.08
2024-07-17 16:51:15.900010,655.32,0.05,0.0,0.09
2024-07-17 16:51:18.902025,655.32,0.04,0.0,0.08
2024-07-17 16:51:21.906565,655.32,0.04,0.0,0.08
2024-07-17 16:51:24.909614,655.32,0.05,0.0,0.09
2024-07-17 16:51:27.912444,655.32,0.05,0.0,0.09
2024-07-17 16:51:30.916447,655.32,0.05,0.0,0.09
2024-07-17 16:51:33.919662,655.32,0.04,0.0,0.08
2024-07-17 16:51:36.921752,655.32,0.04,0.0,0.08
2024-07-17 16:51:39.925645,655.3,0.05,0.0,0.11
2024-07-17 16:51:42.927591,655.32,0.04,0.0,0.08
2024-07-17 16:51:45.930735,655.32,0.05,0.0,0.1
2024-07-17 16:51:48.931325,655.32,0.05,0.0,0.09
2024-07-17 16:51:51.934725,655.32,0.04,0.0,0.09
2024-07-17 16:51:54.938218,655.32,0.04,0.0,0.08
2024-07-17 16:51:57.942104,655.32,0.05,0.0,0.09
2024-07-17 16:52:00.946411,655.33,0.04,0.0,0.08
2024-07-17 16:52:03.948386,655.32,0.05,0.0,0.09
2024-07-17 16:52:06.951278,655.32,0.04,0.0,0.09
2024-07-17 16:52:09.955485,655.32,0.05,0.0,0.09
2024-07-17 16:52:12.957469,655.32,0.04,0.0,0.08
2024-07-17 16:52:15.959682,655.32,0.04,0.0,0.09
2024-07-17 16:52:18.961737,655.33,0.04,0.0,0.08
2024-07-17 16:52:21.962973,655.32,0.04,0.0,0.09
2024-07-17 16:52:24.966169,655.32,0.04,0.0,0.08
2024-07-17 16:52:27.969045,655.32,0.04,0.0,0.08
2024-07-17 16:52:30.978267,655.32,0.04,0.0,0.09
2024-07-17 16:52:33.980626,655.32,0.04,0.0,0.08
2024-07-17 16:52:36.984330,655.32,0.05,0.0,0.09
2024-07-17 16:52:39.987054,655.32,0.05,0.0,0.09
2024-07-17 16:52:42.990164,655.32,0.05,0.0,0.09
2024-07-17 16:52:45.991987,655.31,0.04,0.0,0.09
2024-07-17 16:52:48.994796,655.32,0.04,0.0,0.09
2024-07-17 16:52:51.998461,655.32,0.05,0.0,0.09
2024-07-17 16:52:55.001572,655.31,0.05,0.0,0.1